input_row,input_postocde
2,EC3A 5DE
3,EC2Y 8BB
5,EC4V 3AL
6,WC1N 2NY
9,WC1H 9EG
12,N19 5DH
14,NW1 1DN
26,NW3 1JH
27,NW1 4BD
30,NW3 5SQ
32,NW5 2TU
35,NW1 1PS
38,WC2B 5NA
40,NW1 1QP
44,NW6 4LS
45,NW1 0DP
46,NW3 2BQ
47,NW5 1RL
49,NW2 3RT
50,NW5 1UJ
51,NW5 2DB
55,WC1N 3JH
59,NW3 4NU
67,NW3 5NW
68,NW3 2PP
76,NW5 3AX
80,NW3 5LF
82,N1C 4BT
85,NW8 6HX
86,SE8 3EH
99,SE9 6DY
101,SE3 7HE
102,SE3 8HS
105,SE7 7JP
111,SE3 9XU
114,SE28 8DT
117,SE18 5DL
118,SE7 7EF
119,SE10 0DZ
120,SE18 3RS
125,SE18 5PW
127,SE10 9RB
131,SE3 9YX
133,SE28 8GB
135,SE9 5EE
136,SE18 1QF
138,SE3 7QR
139,SE10 8HN
142,SE3 0NJ
145,SE12 8AW
150,E9 6HB
154,E9 5ND
157,E5 0SH
158,E9 6LL
159,E9 7BB
180,N16 7AU
184,N1 6JG
186,N1 6QN
192,E2 8LS
194,N16 5AF
195,E9 6NR
196,E9 6LG
197,N16 5AE
201,E5 9SN
208,E14 9XP
210,N16 8BZ
212,W12 7PH
217,W14 8SH
220,W6 0UD
222,W6 9ER
231,SW6 6AS
239,W6 7BS
242,W6 9LR
244,SW6 4HW
249,W12 0NW
250,W12 0TN
253,N19 3SF
254,N1 0UH
259,N1 0WF
260,N5 1PJ
261,N19 4JA
267,EC1V 8BB
269,N7 9QJ
272,N1 9AZ
274,N7 0HJ
278,N7 9LF
279,N7 8JN
280,N1 8BL
282,N5 1DL
285,EC1V 3SJ
289,N1 0LB
292,N1 0UF
293,N7 0JG
294,N5 1AR
295,N1 9QG
296,EC2A 4SH
298,N19 3EU
300,EC1V 0BW
302,N1 8RE
305,W11 4EE
311,SW5 0DJ
314,SW3 3AP
317,W11 4EE
319,SW3 4AA
324,W11 4BJ
326,SW3 2QT
328,SW5 9UE
331,SW3 2QS
332,W10 6EL
342,SW7 4NE
347,SW3 4TW
351,W14 8SH
354,SW11 3JB
356,W10 5SZ
364,W1B 1NJ
367,EC3N 2ET
368,W10 6EJ
372,SW2 1PL
380,SW12 0JA
388,SE11 5LG
392,SW16 3HX
397,SE11 4PH
407,SE11 5SL
414,SE5 9RF
419,SW16 5SL
420,SW9 0EN
421,SW4 9QJ
424,SE11 5SR
425,SE1 9NA
442,SE8 5RJ
443,BR1 5QL
446,SE6 1PQ
449,SE26 5AD
454,SE14 5JA
459,BR1 4RP
462,SE6 1NW
463,SE6 1NW
488,SE8 3PH
489,SE13 6NX
492,SE13 6AL
496,SE14 6AN
499,SE6 3QW
500,SE23 2XN
503,SE12 8PD
508,SE3 7AG
513,SE6 3WG
515,SE15 6DT
519,SE16 7JD
522,SE1 1AF
523,SE5 0JD
525,SE17 3LE
526,SE22 8AB
536,SE17 2HR
538,SE17 1DQ
539,SE16 2PL
540,SE1 3TD
546,SE15 1EF
547,SE16 7LP
552,SE15 5LP
556,SE16 4SU
557,SE15 4DY
561,SE1 1NJ
562,SE1 6HA
563,SE15 3RA
564,SE16 5ED
567,SE1 1HG
568,SE16 6SD
571,SE22 0LA
575,SE15 2EB
576,SE1 6EX
579,SE22 8TE
583,SE1 5RN
585,BR3 3BX
587,SE1 3PS
588,SE15 6ER
591,E2 7PG
592,E1 0RJ
595,E1 4PZ
597,E1 4PZ
602,E1 0EH
609,E14 3QP
611,E2 6LS
614,E3 3LL
617,E1 0EH
618,E3 5DN
620,E14 6QD
628,E1 5AD
635,E1 3BW
648,E1W 3QT
651,E3 3QW
652,E14 0RZ
655,E1 5DJ
656,E14 3DW
657,E3 2AE
658,E1 0RH
663,BN25 2JB
670,SW12 8PP
674,SW17 0DZ
675,SW11 5DT
679,SW17 7PP
689,SW18 5JP
696,SW19 6QT
697,SW15 6XA
698,SW15 4LJ
699,SW19 6RY
700,SW19 6JP
701,SW15 4PD
707,SW18 2RU
710,SW8 4JS
711,SW15 2QD
713,SW12 8DR
716,SW15 5NX
721,SW15 5PY
724,SW19 7QQ
726,SW15 6BH
732,SW12 8RS
739,SW4 9RU
747,SW15 5RT
750,W9 3JY
752,NW8 7AL
753,W2 5TL
755,NW8 0NH
756,W2 6JJ
759,W1W 7JJ
760,SW1P 2QQ
761,W1H 5HA
763,NW6 5XA
764,SW1W 8PF
765,WC2B 5SU
766,NW1 6LH
767,SW1V 3AG
768,W1K 2XH
769,W1D 7LF
771,W9 1DF
774,W1H 1DL
781,W1U 4DF
782,SW1P 1EP
784,NW1 5NS
785,NW6 5SN
788,NW1 6XR
791,SW1W 8JF
793,SW3 6NB
795,SW1P 2NN
797,NW8 0NP
800,W1H 5YZ
801,SW1P 4AU
809,W9 3LG
811,IG11 9AG
812,IG11 9AG
815,RM10 9ED
820,RM7 0RL
824,RM8 3AR
826,RM6 5NJ
827,RM10 7HX
833,RM10 8UR
835,IG11 7AR
837,RM9 6UU
840,IG11 9AG
841,RM10 7UR
843,RM8 1JU
844,RM8 1JT
864,NW7 3HS
871,N11 3HG
874,N14 5NG
877,N12 8JP
878,N12 7HE
887,NW2 2TH
894,EN4 8SR
895,N11 1NQ
897,N20 8NX
902,NW2 1RG
904,NW7 1EJ
905,N3 2TD
910,NW11 9SP
912,N11 3LS
915,N12 7NJ
916,N12 8TA
930,N3 1SA
933,NW4 2AT
935,NW4 4DQ
936,NW7 3HS
952,DA16 1PN
957,DA7 4PH
958,DA18 4BA
966,NW10 3PH
967,NW6 5RA
969,BD2 4PR
977,HA3 0UX
983,HA9 7RY
985,NW9 9JL
986,NW9 9JL
988,NW10 0EX
990,NW10 3TL
991,NW10 8NG
994,HA9 9YP
999,NW2 7LL
1001,NW10 4DR
1002,NW10 5TP
1003,NW10 9JA
1009,NW10 8PP
1010,HA9 6TA
1013,HA3 9UD
1016,NW6 5RG
1018,HA5 5DT
1023,NW6 6PE
1024,NW6 6PE
1025,NW6 6PF
1026,NW10 8HE
1027,NW10 0NQ
1038,BR2 0BS
1047,BR7 5PS
1075,SW16 5QR
1083,CR8 2XP
1088,CR9 2EE
1090,CR8 2XP
1091,CR9 5AS
1099,CR9 7AT
1113,UB2 5PF
1115,W3 8RN
1118,W5 1RP
1125,UB6 9JU
1126,UB5 6NW
1130,UB6 8JD
1131,UB1 1SF
1135,UB1 2HX
1143,UB5 4QG
1144,UB2 4PA
1145,UB6 0PB
1146,UB5 5FE
1151,UB6 9EG
1162,UB2 4BH
1166,W3 9JR
1167,UB6 9JU
1170,W3 8EY
1171,UB6 9AW
1176,UB1 2GU
1178,UB5 4HP
1179,W5 2DR
1180,W5 2DS
1182,W5 2ES
1186,W13 8AX
1197,UB5 5LD
1202,EN1 4JY
1203,EN1 4JY
1209,N11 1BH
1218,EN1 2NS
1236,EN2 9EY
1238,N14 6JA
1242,EN2 0NB
1245,N9 7HJ
1252,EN2 6QG
1255,N13 5TY
1258,N14 7HY
1259,EN1 4NP
1261,N21 3LJ
1264,N14 4AT
1267,N9 9TU
1276,N11 2QG
1277,N11 2QG
1278,N8 7AF
1279,N8 7AF
1283,N17 8NN
1299,N8 9WP
1300,N17 6HW
1306,N17 8AZ
1312,N17 8AZ
1313,N11 2AF
1315,N15 3HD
1316,N8 9JF
1318,N10 1NE
1319,N15 6EB
1320,N6 5HF
1321,N6 4AY
1325,N4 2SH
1329,N17 0PG
1330,N17 6HW
1331,N22 5QJ
1332,HA3 6DH
1333,HA2 9JU
1334,HA2 0JA
1338,HA3 7JT
1340,HA5 5TJ
1341,HA3 8SZ
1346,HA5 5TL
1348,HA3 8LU
1352,HA3 7DH
1354,HA2 8LT
1356,HA1 4EL
1363,HA2 0AD
1364,HA3 7AY
1366,HA2 0HN
1368,HA1 1RX
1369,HA1 1SH
1373,HA8 7RJ
1375,RM14 3NB
1376,RM3 0TH
1377,RM11 2SP
1378,RM11 2SP
1379,RM12 5UA
1386,RM5 3QR
1389,RM1 4QX
1390,RM1 4QX
1394,RM11 1HP
1402,RM3 9JD
1406,RM1 4BT
1407,RM12 4TL
1413,RM1 4JA
1415,RM12 6RT
1419,RM11 1XY
1422,RM14 2YQ
1423,UB3 2PD
1425,UB10 8JA
1429,HA4 9PQ
1430,HA4 9PQ
1453,HA4 7RF
1459,HA4 9HS
1464,HA4 6EZ
1465,UB10 9PD
1466,UB10 9PD
1467,UB4 8SF
1468,UB4 8SF
1469,HA6 1RX
1470,HA6 1RX
1471,UB8 2BX
1473,UB10 0EX
1476,HA6 3AS
1480,HA6 3QY
1497,TW7 5XA
1507,TW3 4LB
1511,TW13 4TQ
1512,TW7 5BF
1516,TW8 0PN
1518,TW13 4FF
1519,TW7 7EE
1522,TW4 5JD
1527,W4 1LY
1532,KT5 8RS
1534,KT3 4LT
1535,KT3 4LT
1549,KT9 2RN
1562,KT9 2JS
1569,KT2 7SH
1572,KT2 6PY
1582,SW19 2JY
1584,SM4 5PX
1585,SW19 1NU
1594,CR4 4XU
1596,SM4 4EE
1606,KT3 4ND
1611,SW19 7HB
1614,SW19 4NS
1616,SW19 4TT
1618,SW20 8HR
1622,SW19 4AB
1635,E13 9NB
1639,E15 2JQ
1647,E16 1FZ
1664,E13 9JH
1666,E16 3ET
1667,E6 5UP
1679,E6 1DG
1685,RM6 4XT
1686,IG7 4BX
1688,IG3 8UG
1689,IG3 8UY
1693,IG3 9RW
1697,IG1 2JD
1698,IG2 7SS
1700,IG8 8NP
1704,IG1 2PY
1705,RM6 4XS
1712,IG2 6RG
1714,IG8 0TX
1717,IG1 1SA
1718,IG5 0QW
1719,IG6 2JB
1720,E11 2JZ
1722,IG8 7DQ
1723,IG2 7BT
1726,IG8 0TP
1730,IG8 0BZ
1747,TW12 2LA
1749,TW11 9RP
1760,SW13 0QQ
1762,TW12 3LT
1780,TW10 6HW
1781,TW10 6ES
1783,TW2 5NQ
1788,TW9 3HS
1791,TW12 2LA
1796,TW12 3HD
1801,SM1 2SF
1804,KT4 8SS
1807,SM6 8JT
1809,SM1 4AW
1810,SM1 2SF
1811,KT4 8PG
1823,SM6 9HY
1824,SM6 9HY
1825,SM5 3JL
1826,SM5 3JL
1827,CR8 3YP
1828,SM5 3PS
1832,SM1 2AX
1838,E4 6ES
1857,E11 3NT
1865,E17 4EY
1866,E10 5DN
1867,E4 6ES
1870,E17 9RZ
1871,E17 8DN
1872,E17 3EA
1874,N17 9AD
1878,B19 3XJ
1881,B15 2AF
1883,B23 7HG
1886,B38 8SY
1891,B14 4BH
1905,B8 1DZ
1907,B42 2PY
1908,B42 2PY
1942,B29 5QB
1953,B33 8SJ
1955,B11 1QT
1983,B12 9SR
2000,B33 0PJ
2006,B21 9HB
2019,B23 6QL
2021,B33 8BL
2022,B11 3JW
2030,B12 0ER
2031,B19 3XD
2033,B19 1PH
2035,B18 7QW
2036,B18 7PA
2041,B30 1JY
2042,B30 1JY
2069,B13 8QB
2075,B19 2EP
2076,B13 0TW
2077,B13 9UU
2086,B30 1DY
2087,B45 9NY
2088,B15 1RX
2089,B15 2UR
2090,B15 3TS
2095,B23 6QL
2098,B15 2UA
2099,B15 2UB
2101,B15 3AU
2110,B13 8QB
2113,B36 8AF
2115,B42 2PY
2119,B19 2EP
2121,B93 0AJ
2122,B13 8QB
2134,CV1 2SF
2147,CV4 7PS
2149,CV3 2QX
2150,CV6 5DP
2163,CV4 9DA
2182,CV6 6BB
2186,CV3 6AQ
2193,DY2 9QF
2194,DY1 2NX
2196,DY2 9ER
2197,DY5 2TD
2203,WV14 8YP
2208,DY6 8RP
2213,B63 2ES
2214,B63 4HY
2219,DY5 2BH
2221,DY1 2NX
2224,DY8 5DJ
2228,DY8 3HL
2232,DY8 5BZ
2251,DY3 1SN
2258,DY6 8QN
2262,WV14 8XJ
2266,B43 5AS
2281,B67 5LT
2288,B67 7DW
2308,B71 2JQ
2309,B69 4QB
2314,B68 8SQ
2316,DY4 7PG
2323,B69 4DE
2326,B67 7JG
2358,B91 2AZ
2363,B91 3DW
2371,B91 3NZ
2376,B37 7TR
2378,B91 3NZ
2380,B91 1AT
2382,B91 3DJ
2383,B91 2AB
2387,B36 0UE
2388,B36 0UE
2399,WS3 3JF
2408,WS1 3JY
2419,WV12 4DS
2425,WS8 7BP
2430,WS4 1JJ
2436,B43 7UJ
2446,WS1 2LP
2457,WS8 7QG
2464,WS2 7NR
2469,WV1 2HH
2473,WV4 6SR
2474,WV10 8BY
2478,WV2 4NE
2480,WV10 6US
2483,WV3 8HS
2491,WV13 3TT
2492,WV14 8UR
2498,WV1 2QY
2507,WV2 3AE
2515,WV4 5DG
2518,WV3 9RB
2519,WV4 4NT
2523,L28 1RX
2529,L32 0RQ
2530,L32 0TG
2534,L33 1XT
2536,L33 1EB
2537,L32 1TZ
2547,L33 6XL
2550,L26 0XR
2553,L28 7RE
2557,L33 1DZ
2567,L11 2RY
2571,L25 2QF
2575,L19 1RD
2586,L6 2HZ
2589,L8 8JE
2598,L8 4RP
2604,L16 0JD
2606,L11 0BQ
2607,L3 2DU
2609,L19 8JY
2613,L7 8TQ
2617,L17 7JA
2623,L6 9DU
2624,L3 5XF
2628,L1 5BY
2634,L27 7AG
2637,L15 6WU
2638,L12 7LE
2641,L13 5UQ
2642,L18 3HS
2644,L15 6UZ
2646,L5 5AF
2647,L25 7TN
2648,L12 9HJ
2649,L12 9HZ
2650,L11 9DQ
2651,L9 7BF
2652,L17 3AL
2653,L18 8DD
2658,L12 9HN
2659,L15 6TQ
2663,L13 0BQ
2669,WA9 1PL
2670,WA10 6LF
2680,WA12 9UF
2681,WA12 9HD
2688,WA10 5NX
2690,WA12 8QL
2699,WA11 9QY
2701,WA9 3SP
2709,L35 6NN
2710,WA12 9QQ
2713,WA10 5HG
2720,WA10 4QH
2721,WA9 3HE
2724,WA12 9XZ
2728,L20 6PJ
2732,L30 3RU
2740,PR9 9XA
2743,L31 5LE
2748,L21 7NW
2752,L31 3DT
2754,L31 8BW
2763,L20 3JL
2767,L21 8NZ
2768,L30 5RH
2774,L30 2NR
2789,L21 7LX
2797,L10 6NJ
2798,L31 8BW
2800,PR8 6JS
2801,L30 2NA
2803,L23 5TF
2804,L23 4UL
2807,L23 5TW
2808,L23 0QP
2809,L23 5SP
2815,L21 0DB
2818,CH49 8HB
2827,CH44 9EF
2834,CH46 7UQ
2836,CH62 5BA
2853,CH49 8HB
2855,CH42 0PH
2871,CH43 9QR
2872,CH43 7TE
2891,CH43 9EB
2893,CH45 8PJ
2894,CH63 2PS
2906,CH49 5LA
2908,SE2 9PX
2911,CH41 0EZ
2913,BL3 4AH
2917,BL1 3DX
2918,BL2 2JT
2919,BL1 5RU
2921,BL1 4ND
2926,BL1 3EJ
2927,BL3 5HU
2933,BL2 2RH
2934,BL3 3TP
2936,BL6 4PS
2938,BL1 7HS
2939,BL6 6EW
2940,BL6 7AL
2942,BL4 9BZ
2943,BL4 0NS
2945,BL3 1JG
2946,BL6 5SY
2947,BL7 9RE
2953,BL3 4QP
2957,BL3 2PL
2963,BL3 5RL
2964,BL1 3EJ
2965,BL3 6HP
2968,BL2 2AN
2972,BL6 6AA
2975,BL5 3NZ
2978,BL4 8PB
2980,BL3 1BQ
2987,BL7 9HT
2988,BL6 6EP
2989,BL5 3BZ
2991,BL6 6HW
2993,BL1 6PQ
2995,BL1 5DH
2996,BL1 4PA
2997,BL1 4PB
2999,BL1 4PJ
3003,BL4 0NS
3004,BL9 6HR
3005,BL9 7SD
3006,BL8 2JH
3014,M45 8TD
3017,M26 3SW
3023,M26 1LH
3029,M25 2BW
3037,BL9 6LJ
3038,BL8 2RH
3039,BL9 0RZ
3044,M25 1BP
3046,BL8 4HS
3051,M26 4GE
3056,BL9 9NH
3058,M25 2BW
3059,M45 7PH
3065,BL9 0TZ
3069,BL9 0HN
3070,BL9 0HH
3072,M26 3BW
3074,M15 6PA
3083,M14 7NA
3084,M9 6TG
3086,M14 7PN
3090,M9 4HH
3096,M40 0BX
3097,M8 5XH
3099,M8 8EJ
3104,M9 8QP
3108,M13 9UJ
3113,M40 8PL
3115,M16 8FQ
3116,M16 7AQ
3121,M12 5NP
3125,M19 2UH
3126,M14 6HW
3127,M15 6BT
3130,M23 0BW
3133,M11 3DR
3138,M12 5LZ
3140,M40 7RG
3142,M19 2QW
3145,M23 2YS
3151,M40 0DF
3152,M21 9SN
3154,M40 7RH
3155,M13 0BT
3160,M18 8RL
3164,M20 6BX
3169,M13 0XT
3170,M14 6HS
3173,M4 4DN
3177,CW12 3PQ
3179,M20 2XA
3180,M20 2XZ
3183,M12 4GR
3188,OL8 3JQ
3195,OL9 8EB
3209,OL4 1GL
3213,OL3 5BP
3217,OL1 4RL
3225,OL9 9ED
3231,OL2 5DH
3238,OL8 3NG
3239,OL4 1HP
3243,OL3 6BU
3244,OL9 0LS
3245,OL8 4BX
3262,OL11 5UY
3263,OL11 1TA
3264,OL15 9HW
3275,OL16 2SU
3278,OL11 2HB
3282,OL15 9PR
3289,M24 1FL
3298,OL11 1EZ
3303,OL10 2AA
3304,OL10 2NT
3308,M24 2GL
3309,OL16 4RX
3310,OL16 3HB
3321,M3 7EU
3324,M30 9BJ
3343,M5 5JH
3346,M30 0FL
3371,M6 6ET
3372,M3 6LU
3381,M28 2WQ
3386,M30 9BJ
3391,SK3 0BJ
3433,SK4 1PB
3436,SK3 8JG
3450,SK1 3PJ
3451,SK5 6BL
3455,SK3 9HX
3459,SK1 1EF
3467,SK4 3HP
3468,SK2 6BW
3469,SK6 3BX
3470,SK6 6LB
3471,SK7 2JT
3473,SK6 3BU
3476,SK8 6HU
3479,SK8 6LA
3482,SK8 6EF
3486,M16 0EX
3489,SK2 5DS
3492,SK14 8LP
3494,SK14 6PW
3498,SK15 3NU
3507,M43 6AF
3509,M34 5SF
3533,OL7 9DD
3546,OL5 9DP
3548,OL6 8BH
3550,SK15 1SH
3553,OL6 8RF
3566,M33 7XS
3576,M41 0RX
3583,M16 9QE
3584,M32 0XZ
3588,M41 0SP
3591,WA14 3EX
3602,M16 0SH
3608,M33 4GY
3609,M16 7PT
3611,M32 0XA
3614,WA14 2LT
3620,M41 5PR
3621,WA14 4GZ
3622,M33 4GY
3626,WN1 3SU
3633,WN5 7BD
3637,WN7 1UY
3639,WA3 2AW
3641,WN4 9QL
3651,WN3 5XE
3654,M46 9FP
3660,WN3 6SB
3665,WN1 3LP
3671,WN2 2AL
3685,WN2 3DG
3686,WN2 5JF
3700,WN7 4HB
3706,WN4 9TP
3707,WN7 5NL
3708,WA3 3EL
3710,WN6 8AB
3711,WN1 1HQ
3713,WN5 8NU
3714,M29 7EE
3715,WN4 9PF
3722,S63 9HY
3723,S75 3NU
3730,S74 0JW
3752,S63 9EW
3753,S70 1AP
3754,DN5 7SB
3780,DN2 5LS
3781,DN1 2JS
3813,S61 1AP
3815,S61 1HE
3852,S2 5QD
3870,S13 7BP
3872,S7 2EW
3881,S3 7JA
3908,S2 3DJ
3910,S2 1EE
3917,S20 8FB
3925,S10 2PW
3935,S10 2PE
3936,S3 7PS
3947,BD8 8HT
3948,BD8 7DJ
3950,BD14 6AD
3952,BD9 4HP
3956,BD5 7DQ
3964,BD6 1RL
3966,BD13 2RH
3968,BD7 2AH
3980,BD13 5DA
3992,LS29 8JY
4000,BD8 8RG
4010,BD4 6JF
4015,BD5 7HU
4017,BD2 3JD
4021,BD8 9RG
4024,BD9 5AT
4027,BD16 2PP
4033,BD3 0DU
4037,BD13 2AW
4045,BD9 4JP
4046,BD16 4AP
4059,HX2 0QD
4062,HD6 3AS
4064,HX4 9HU
4066,HX7 6HB
4081,HX7 8EE
4084,HX2 0QQ
4090,HX3 6LA
4102,OL14 5HP
4103,HX7 5QN
4104,OL14 7DG
4107,HX4 8LS
4110,HX3 8JE
4112,HX3 0RZ
4121,WF13 1NS
4135,HD2 2HB
4138,WF17 6EG
4141,WF17 6BS
4222,HD5 9HU
4229,HD5 8PQ
4231,HD9 6QJ
4232,HD9 7SE
4235,BD19 3AQ
4241,HD1 3JP
4245,HD5 8JE
4249,LS20 9DA
4252,LS18 4QP
4256,LS28 5BH
4260,WF3 3DG
4293,LS4 2TF
4294,LS2 9EX
4297,LS4 2QZ
4298,LS7 1SR
4308,LS7 3PD
4310,LS8 1AF
4313,LS17 5HX
4316,LS17 6QP
4325,LS14 6JR
4327,LS14 2BL
4330,LS9 7HP
4337,LS14 2EG
4339,LS10 3HQ
4344,LS10 4HU
4346,LS10 2PS
4354,LS13 2TQ
4356,LS13 1DQ
4360,LS12 4PX
4369,LS15 4HL
4382,LS12 1SF
4384,LS20 9BT
4386,LS23 7AQ
4394,LS9 0HA
4396,LS12 2LH
4401,LS4 2TF
4404,LS17 6SX
4407,LS15 8RQ
4416,LS11 8ND
4419,LS16 5AG
4420,LS17 7AG
4423,LS15 0PT
4425,LS8 1ND
4426,LS28 7ND
4430,LS23 6RW
4431,LS6 4QE
4432,LS9 0TT
4433,LS9 8LA
4435,LS16 5PF
4441,LS17 8GS
4445,LS23 6DF
4453,WF5 9AN
4479,WF5 9DG
4480,WF1 4PE
4485,WF1 2QS
4486,WF1 3QX
4488,WF1 3QY
4489,WF5 9BS
4492,NE8 4UN
4498,DH3 2PP
4499,DH3 2LY
4502,NE40 4ND
4509,NE39 2JE
4510,NE40 3AF
4511,NE40 3AF
4516,NE10 8DN
4517,NE10 0PY
4518,NE10 8BA
4520,NE40 3ES
4528,NE10 8SA
4529,NE16 5AY
4531,NE8 4LH
4532,NE16 5QW
4537,NE9 7HX
4538,DH3 2PN
4541,NE39 2JE
4543,NE8 2QU
4549,NE10 0PT
4551,NE8 1HG
4553,NE8 1RB
4556,NE4 6JR
4567,NE3 2NP
4569,NE15 8PD
4574,NE5 4LG
4576,NE5 1NE
4577,NE6 2AT
4580,NE4 8PA
4589,NE4 5AW
4590,NE2 1XA
4596,NE15 8JL
4600,NE4 9XZ
4603,NE2 1PS
4605,NE6 2JX
4607,NE6 5HN
4610,NE3 1UN
4612,NE15 9TP
4613,NE6 4AW
4614,NE7 7DP
4615,NE2 3BA
4619,NE4 9YJ
4620,NE2 4DX
4622,NE30 4AG
4623,NE27 0HJ
4628,NE29 8PE
4629,NE29 9QL
4631,NE27 0AH
4637,NE12 6SQ
4641,NE26 1TQ
4645,NE28 9DH
4648,NE28 8TS
4651,NE12 8FD
4654,NE28 0DS
4660,NE12 8FA
4665,NE12 8FA
4671,NE30 3RZ
4672,NE29 7BU
4676,NE25 9AS
4678,NE28 7LQ
4679,NE28 7TN
4680,NE25 9EQ
4682,NE12 8ER
4686,NE30 2QR
4687,NE12 8FD
4688,NE12 8YY
4689,NE32 5UP
4693,NE33 2BB
4694,NE33 4JJ
4701,NE35 9JB
4702,SR6 7HJ
4703,NE36 0SW
4707,NE32 3QL
4715,NE33 4PG
4720,NE31 1RZ
4725,NE32 3AJ
4727,NE35 9DZ
4728,NE31 2QU
4729,NE34 7TD
4730,NE32 5UP
4735,NE37 3BL
4736,DH5 0AH
4741,SR4 8NW
4742,SR2 8PX
4744,SR5 1EA
4746,SR5 2JX
4748,SR6 0EA
4750,SR3 2LE
4752,SR2 0RT
4754,DH5 9RA
4756,NE37 3BL
4758,DH5 9ND
4759,NE38 0PL
4760,NE38 9EZ
4762,NE37 3BG
4763,DH4 4QP
4768,NE38 8JA
4769,SR2 0LW
4783,NE38 0HL
4784,DH5 9JZ
4791,BS2 0SU
4799,BS1 6RR
4801,BS13 0JW
4802,BS2 0SZ
4809,BS16 3SY
4810,BS16 3QG
4814,BS4 3QJ
4822,BS4 4UY
4827,BA2 1QR
4850,BS15 9RD
4858,BA3 3XX
4875,BS37 8YR
4884,BS5 6LE
4889,BS30 7JB
4890,BS5 0YR
4895,BS8 2UH
4907,BS16 7EY
4918,BS36 2LF
4931,BA2 0FY
4936,BA2 0JR
4940,BA3 3NG
4949,BS34 8SG
4957,BS22 9RH
4971,BA1 4EH
4977,BS35 1AW
4979,BS37 4EP
4980,BS3 2JL
4981,DL5 4EX
4982,BS40 8QB
4985,BS37 6EW
4986,BS1 6RT
4987,BA1 6ND
4989,BS14 9LS
4991,BS8 3JD
5005,BS36 1RL
5008,BS48 1PF
5012,BS8 1SR
5013,BS8 1JX
5014,BS9 3AW
5015,BS6 7EF
5016,BA2 6HU
5023,BS10 7AH
5028,BS24 7DX
5054,MK45 1LU
5064,LU7 3DX
5065,LU7 1EW
5080,SG5 4PF
5096,MK41 9AT
5111,LU3 1NS
5113,LU4 0ES
5116,LU2 0NJ
5143,LU7 2AB
5144,LU3 4BL
5149,MK45 4GP
5176,MK40 4HW
5177,SG19 1BL
5180,LU7 1EX
5186,LU3 3TL
5188,MK41 7QZ
5189,MK40 2DL
5192,MK40 2PA
5195,MK42 0BX
5196,MK41 7NT
5198,MK42 7EB
5200,LU3 3SP
5211,RG14 1EH
5215,SL1 3HS
5220,RG6 1JR
5223,RG1 8DZ
5227,RG1 5QH
5230,RG31 5BD
5232,RG4 8LN
5235,RG30 4UN
5236,RG4 8DB
5238,RG12 7JZ
5239,RG12 2SW
5240,RG12 2SW
5267,SL6 3JB
5274,RG6 7HR
5275,RG31 6YG
5292,RG40 4JJ
5299,RG5 4RW
5300,RG5 4RW
5301,RG45 6LP
5316,RG6 5UZ
5327,SL3 6LU
5331,RG8 8PD
5343,RG20 0JU
5346,RG17 7LJ
5359,RG42 3SS
5369,SL1 2AR
5371,SL4 3EH
5374,RG30 4BE
5381,RG14 7LU
5384,RG4 6XF
5393,RG12 9AP
5399,RG7 3XJ
5400,RG45 7HZ
5401,RG40 1SS
5402,RG41 1JP
5406,RG42 2AD
5408,SL2 5QP
5415,RG20 6AD
5416,RG30 3EP
5418,RG2 7ED
5420,RG4 7SD
5433,RG20 9BD
5434,SL4 3DF
5448,RG40 3AL
5452,SL6 6AW
5460,RG10 0FR
5461,RG1 5DZ
5467,RG4 8JZ
5472,SL6 3EQ
5474,RG31 6SW
5506,HP5 1YF
5514,MK12 5JG
5526,HP19 9NS
5527,SL7 2EW
5534,HP20 2DB
5550,SL7 3PQ
5555,MK3 7NA
5558,MK13 7BQ
5560,HP22 4JG
5568,MK12 6AT
5571,HP6 6EG
5572,MK6 4HA
5573,MK6 5AX
5578,MK6 4ND
5580,MK13 7BE
5581,MK14 5BL
5583,MK13 9AZ
5584,MK14 7NA
5586,MK14 7DU
5589,MK13 9EZ
5590,MK14 5PY
5591,MK13 7QL
5592,MK8 8NA
5593,MK13 8PG
5594,MK15 9HN
5596,MK8 9AB
5597,HP14 4UL
5598,MK5 7DF
5599,MK16 0NH
5601,MK16 0DT
5616,HP19 7WF
5657,HP11 2JU
5664,SL7 3AG
5672,HP20 2XZ
5675,MK12 6AY
5676,MK18 1AT
5677,HP21 7NH
5678,HP16 0BN
5681,MK6 5EN
5688,MK12 5BT
5690,MK18 5AE
5695,SL9 8RJ
5697,SL9 8JQ
5705,HP5 3QF
5708,SL9 8QA
5715,MK3 7EG
5716,MK14 6DP
5718,MK5 8HD
5724,HP20 1DP
5729,HP21 9ET
5752,CB23 3XQ
5766,CB6 1JT
5792,PE2 8PU
5793,PE2 9ER
5794,PE26 2QA
5795,PE27 5RG
5798,PE19 1TF
5801,PE27 5QT
5811,PE19 6NG
5812,PE4 7DZ
5813,PE2 5QL
5814,PE3 9QW
5816,PE2 5PL
5819,CB23 7RE
5832,CB2 9FS
5836,CB4 2HU
5889,PE28 2LT
5891,PE1 3PW
5892,PE2 9DH
5893,PE1 5JW
5894,PE3 9XD
5896,PE4 6JT
5897,PE28 3NY
5898,PE2 6GF
5900,PE1 5JN
5904,CB2 8AG
5911,CB2 1HF
5918,CB2 1EL
5921,PE3 8RL
5922,PE19 2EZ
5927,WA8 7TH
5930,WA5 0JG
5940,WA6 6TZ
5942,WA4 4QH
5946,WA7 4EQ
5975,CW1 5SL
5994,CH3 8LS
5996,WA7 4RA
5997,WA6 7PZ
5998,WA7 2DZ
6003,WA4 3AH
6018,CW11 1TE
6021,WA7 3HB
6024,WA7 6EP
6025,WA7 2TT
6026,WA7 6ES
6029,WA3 7DG
6030,WA3 5HH
6032,WA8 7HD
6033,WA8 3HJ
6036,WA5 3AL
6041,WA2 0JP
6043,WA3 7PH
6045,WA5 9QA
6046,WA3 6TS
6049,CW1 2PH
6052,CW1 3YR
6053,WA7 2JE
6054,CH1 5NF
6060,WA7 5LU
6062,WA16 9DB
6064,WA5 3TX
6067,WA16 8DB
6075,WA14 4SZ
6103,WA8 8LD
6105,WA1 2GN
6109,WA3 6QG
6111,WA5 1NS
6118,CH64 9RW
6150,WA16 8AL
6155,WA2 8LQ
6165,WA2 0ER
6168,WA7 6HZ
6171,WA7 6QN
6173,WA5 8UE
6179,WA8 6DD
6181,WA8 8TD
6182,WA8 9HS
6185,CW8 3HT
6186,CW5 5HD
6189,CH66 2NU
6190,WA3 5HH
6192,WA6 0HY
6193,SK9 1LZ
6194,CW8 1JW
6196,WA5 1HG
6198,WA8 7DW
6200,CW8 1JW
6203,SK9 7UY
6205,CW8 1LU
6207,SK10 1DA
6208,SK10 2EG
6210,SK9 7QE
6216,CH4 7QL
6217,CH1 2NN
6225,CW7 1NU
6227,CW1 5HS
6231,CW8 4QP
6236,TS6 9AD
6237,TS23 3HB
6239,TS2 1SY
6240,TS23 1BE
6244,TS16 0BE
6245,TS18 1QX
6247,TS18 5BS
6258,TS25 1HN
6270,TS24 0HG
6275,TS26 0TJ
6279,TS13 4XD
6280,TS15 9TF
6281,TS5 4DY
6282,TS3 7QH
6285,TS3 9NH
6288,TS10 1NL
6292,TS18 4DA
6297,TS18 2HU
6310,TS18 3SY
6315,TS24 7HT
6318,TS24 9PA
6322,TS14 6RD
6324,TS22 5EG
6328,TS16 9AT
6329,TS15 9EJ
6331,TS4 3JS
6332,TS4 3PT
6335,TR14 7DT
6336,TR1 3RJ
6340,TR26 1DN
6345,TR16 6AZ
6352,TR3 6AY
6357,TR1 3BJ
6359,PL26 6LH
6360,TR9 6QZ
6369,PL32 9UE
6379,EX23 8EA
6388,PL12 4AQ
6389,PL17 8ND
6392,PL12 4LT
6395,PL12 5NJ
6399,TR1 3RJ
6409,TR7 3JA
6410,PL32 9UJ
6412,EX23 8DQ
6414,PL25 4BZ
6416,TR3 6LT
6418,TR27 4DN
6419,TR18 2TG
6420,EX23 8NJ
6425,TR1 2HU
6428,CA25 5LW
6430,CA26 3PF
6438,CA9 3UF
6451,CA11 7LX
6467,CA15 7LT
6469,CA14 2UY
6471,CA14 2RE
6473,CA14 4ES
6475,CA22 2LT
6476,CA26 3PF
6479,LA18 4LP
6487,CA28 6EG
6490,CA28 6UX
6501,LA23 2JX
6508,LA14 1NY
6512,LA14 3XY
6513,LA14 5QN
6514,LA14 3BG
6517,CA1 3QA
6519,CA2 7LW
6520,CA1 2BQ
6521,CA1 3BX
6524,CA2 7PT
6525,CA3 0DU
6529,LA10 5AL
6532,LA14 2SJ
6535,CA14 1WA
6537,CA2 5LA
6538,CA2 4JT
6544,CA3 0PA
6553,CA6 6JA
6561,LA9 5BP
6563,CA13 0TU
6565,CA15 6RX
6577,LA20 6BJ
6582,CA26 3XU
6585,CA28 7HG
6594,CA7 3NT
6596,CA7 9HZ
6600,LA8 0LB
6607,LA6 2DN
6614,CA7 2HN
6619,CA14 5LN
6620,CA14 3PD
6635,LA15 8LB
6638,LA14 1NY
6639,LA14 2BA
6649,CA9 3QU
6650,LA23 1HW
6651,LA15 8AH
6653,LA12 0EB
6654,LA18 5AB
6655,CA11 8NG
6656,CA7 9PX
6657,CA28 8UG
6658,CA1 1NA
6660,CA14 3EE
6664,CA8 1BZ
6667,LA16 7DA
6686,CA28 8TU
6688,LA12 9EF
6689,CA3 0BU
6700,DE1 3PJ
6716,DE55 5JG
6719,S44 6PY
6723,S42 7AS
6730,SK17 6QB
6764,S44 5RH
6768,DE7 5LN
6783,NG10 2DU
6788,DE73 8JE
6789,DE73 8JE
6799,S45 8EU
6803,NG16 6PA
6841,DE4 4GZ
6848,S41 8NF
6853,S40 3QR
6855,S40 2NR
6871,DE56 4GT
6874,SK13 6HW
6877,S42 6PT
6905,DE73 6TA
6908,DE23 1GG
6909,DE3 9AY
6911,DE3 9EY
6918,DE24 9PG
6922,DE3 0BW
6924,DE22 2QR
6932,DE3 0EY
6933,DE23 8GP
7026,S40 4ST
7029,SK13 1PJ
7036,DE23 8EG
7045,SK23 0TQ
7046,S42 6LG
7047,NG10 4WT
7048,SK22 4NR
7049,DE11 0TL
7050,NG16 4HL
7052,S21 4GN
7054,DE4 5NA
7055,DE22 3HU
7056,DE23 2FS
7057,DE23 4BZ
7058,SK13 7DR
7059,S41 9LG
7060,S41 0LP
7061,S40 2NS
7063,DE4 4DX
7064,S18 2FZ
7065,SK17 9EA
7070,DE73 6PZ
7076,DE3 9LL
7077,NG10 5AF
7083,DE65 6GE
7089,DE23 3DT
7095,DE22 1FP
7097,DE23 4BX
7099,S40 4BN
7101,NG20 8QF
7107,DE22 3BH
7110,DE23 2FS
7114,PL6 8UN
7117,EX17 4AN
7129,EX4 7DB
7130,EX4 7DP
7133,EX8 1PU
7137,EX10 0EL
7146,EX15 2QL
7148,EX17 3JH
7159,EX39 3DE
7164,EX33 1AD
7165,EX33 2BU
7168,EX34 0DF
7188,EX36 3BA
7214,EX6 8QD
7224,PL20 7AU
7232,PL21 0AJ
7243,PL19 8BX
7246,PL3 4RH
7247,PL3 4RS
7256,PL1 4LA
7257,PL6 8UN
7263,EX16 6QR
7265,EX16 5HE
7270,EX5 7DT
7273,EX8 5JY
7287,EX38 7NU
7289,EX34 9LW
7296,TQ9 6JU
7307,PL3 5JB
7308,PL1 3AY
7311,EX9 6QF
7313,EX8 2SR
7315,EX14 3EA
7322,EX4 6PG
7344,PL6 7JW
7345,EX16 9NW
7348,EX10 9LG
7349,EX2 9JU
7350,EX22 6JD
7351,EX36 4LA
7352,EX32 9AX
7354,TQ9 5JX
7355,TQ1 3PE
7356,PL4 6HT
7358,PL19 8DD
7359,EX20 1PW
7360,EX16 6SQ
7363,EX2 5AP
7364,EX1 1HX
7382,EX2 4NS
7383,EX1 1SJ
7386,TQ4 5EW
7388,TQ9 6EQ
7395,EX2 6JB
7400,TQ2 8NH
7402,TQ9 6JU
7404,PL6 8UN
7413,BH20 7DB
7418,DT1 3DF
7420,BH22 9FB
7429,BH20 6LE
7441,BH23 3AS
7446,DT1 2HH
7448,DT11 7SN
7456,DT11 8WF
7486,BH23 3DA
7490,BH22 9EY
7494,BH16 6JD
7495,DT10 1DT
7497,SP8 4QP
7498,DT8 3EP
7499,DT11 7SQ
7504,DT7 3LX
7505,DT4 9SY
7506,BH15 2BW
7508,DT11 8HN
7519,DT1 1EB
7520,BH14 9JY
7532,DT9 4EZ
7538,BH21 2SS
7543,DH9 7LR
7547,SR7 7NN
7549,DH7 8LL
7553,SR8 4TB
7555,DL16 6EX
7556,DL17 8AN
7560,DH3 4JJ
7561,DH3 4JL
7563,DH2 3PF
7565,DH4 6AR
7567,DH4 6HF
7569,DH9 0QN
7571,DH9 8LX
7572,DH9 7ST
7575,DH9 6PZ
7579,DH8 0SQ
7583,DH8 0JX
7586,DH8 8EQ
7593,DL15 9NN
7599,DL13 2DA
7601,DL13 1BN
7602,DL15 0EQ
7607,TS29 6EY
7609,DH6 4RA
7612,DH6 4EJ
7616,DH6 5BE
7619,DL17 8AN
7630,DL12 0TG
7635,DL12 8TN
7637,DH7 8LL
7639,DH6 1AF
7642,DH4 6RN
7643,DH7 7AU
7646,DH7 9BE
7649,TS27 4PT
7651,DH6 3DZ
7652,DH6 3RQ
7656,SR8 4TB
7659,TS21 2BJ
7664,DL5 7LE
7666,DH7 9XN
7668,SR8 2NQ
7669,TS27 4NA
7670,DL5 5RH
7671,DL5 5NU
7672,DH2 1NP
7675,DH1 1PH
7676,DH2 2JT
7677,DH8 0QB
7680,DL12 8LG
7684,DL2 3JE
7686,DH1 2QP
7689,DH1 4QB
7699,DH9 0NP
7702,DH8 8JD
7709,DH7 0JG
7712,DL17 9AL
7713,TS29 6HY
7719,DL5 5NP
7722,DH7 9PA
7726,DH1 2JQ
7732,TS28 5AN
7733,TS27 4HE
7739,DH9 8AY
7741,DL17 8RW
7742,DL16 7LN
7743,DL14 6LA
7744,DL5 7LF
7745,DH1 2QP
7746,DH1 1SG
7747,DH7 7NG
7748,DH1 4SU
7749,SR8 5RL
7750,TS28 5AX
7751,TS21 3DD
7753,DH1 3TB
7757,DH6 1QD
7758,DH9 8PR
7759,DL5 7LP
7761,DL17 0HP
7762,DH1 5TS
7764,BN2 0BT
7776,BN2 9HS
7784,TN6 2HW
7796,BN27 3QP
7804,BN25 2JF
7816,BN9 0QJ
7818,BN26 6PT
7824,BN23 7EA
7829,BN23 7SL
7830,BN23 7SL
7840,BN24 5EF
7841,BN2 4JP
7845,TN33 0HQ
7855,RH17 7JB
7858,TN19 7BY
7876,TN32 5BU
7889,BN2 7HB
7892,BN2 0AH
7897,BN2 5EA
7898,BN1 6UT
7907,BN3 3YT
7916,TN40 2ND
7922,BN25 4LF
7924,TN35 5NA
7926,BN22 8XT
7927,BN22 8XT
7928,BN1 6NP
7929,BN1 6PZ
7930,BN2 7FR
7931,TN33 0HT
7932,TN21 8RJ
7933,TN32 5EA
7934,TN22 3DJ
7935,TN5 6AZ
7938,BN7 2XN
7939,BN3 7BW
7940,BN3 7BN
7941,BN1 8PB
7942,BN3 6ND
7947,BN2 0LS
7948,BN2 0EU
7953,BN3 6LU
7961,TN37 7PW
7992,CO3 3GB
8045,SS12 0AG
8053,CM8 1FR
8067,IG10 3DR
8076,CM2 7QZ
8077,SS14 1QP
8083,CM2 7QZ
8084,SS14 2BG
8090,CM4 0QR
8091,IG7 5LP
8093,IG10 2HR
8105,IG7 5LP
8112,CM3 2RP
8117,CM8 2SD
8129,CM20 3RB
8133,CM19 4PH
8137,CM13 2TU
8151,CO4 5YN
8160,CO6 1HL
8166,SS6 9NE
8176,CM3 2JX
8207,CO12 5BA
8211,SS0 7AY
8212,SS3 9RN
8229,RM18 7QH
8244,CM1 4HY
8255,CM1 6ZQ
8256,IG10 3JA
8257,CM16 5JB
8259,CM1 4BS
8261,CM3 5NB
8269,SS16 5DE
8281,CM6 1ZR
8288,IG10 3SR
8294,SS11 8LY
8296,IG9 5SD
8300,CM2 9AN
8304,CM6 3LL
8310,SS1 3RD
8311,SS3 0PW
8312,SS9 1LE
8313,CO3 3HD
8325,CO3 3NE
8339,CM7 2YN
8340,IG8 8AX
8345,GL1 4QG
8346,GL1 5HU
8347,GL1 4PW
8348,GL1 5ET
8349,GL2 0PE
8350,GL4 0SS
8351,GL4 0SS
8352,GL3 3LH
8353,GL3 3HS
8354,GL2 0AL
8355,GL2 0AX
8356,GL3 3HS
8365,GL3 2AG
8366,GL3 2JX
8368,GL17 9JF
8370,GL14 3GD
8375,GL13 9NU
8399,GL20 5HU
8401,GL3 1AX
8403,GL3 2DR
8406,GL3 4NU
8408,GL5 4UJ
8410,GL11 6JJ
8413,GL52 6XZ
8418,GL51 8PB
8419,GL53 7BT
8421,GL51 6PS
8422,GL2 4WD
8423,GL4 5YS
8424,GL4 0JY
8425,GL4 4NA
8426,GL1 5BD
8427,GL1 4JU
8428,GL1 3BN
8434,GL7 1SY
8464,NP16 7BJ
8475,GL52 2SN
8482,GL6 8FW
8497,GL14 1AT
8513,GL4 3JP
8515,GL4 3QU
8516,GL5 4AX
8521,GL20 8EW
8524,GL11 6JJ
8526,GL4 4BN
8528,GL52 3JD
8529,GL10 2HA
8530,GL1 2BG
8537,GL4 0UF
8538,GL53 8EY
8544,GL52 2QA
8545,GL53 9RP
8556,GL20 8JJ
8557,GL52 6PZ
8560,GU14 6JU
8561,SP11 6JP
8567,SP10 3QP
8573,RG23 8AF
8575,RG21 5LL
8591,PO8 0RE
8592,RG25 2QU
8595,PO14 3PH
8597,PO7 6PN
8603,SO50 4FZ
8604,PO14 1HU
8608,PO14 1HT
8613,SO31 4ND
8619,PO9 3BD
8620,PO9 3BD
8622,PO11 0PA
8641,PO7 5NQ
8642,PO16 9DL
8643,PO7 8ED
8653,PO14 4AU
8662,PO8 8EA
8663,PO8 8DS
8664,PO8 8RZ
8665,PO14 3PH
8667,SP10 1JZ
8668,RG23 8AF
8672,RG21 5LL
8673,GU52 8BN
8680,GU34 2JA
8684,PO16 7EQ
8685,PO9 4LR
8686,SO24 9NB
8694,GU52 7TH
8695,GU52 7LQ
8697,RG23 8BN
8700,PO14 2DE
8701,GU52 7TH
8704,SP10 4BS
8705,RG22 4DH
8707,RG24 9PT
8710,GU52 8LL
8712,PO7 5NQ
8713,RG24 9PT
8716,SP10 4BS
8726,GU34 2JA
8727,SP10 5JY
8730,RG23 8BN
8733,GU51 4EB
8738,SO40 2ZZ
8741,PO9 3EF
8742,GU52 7LG
8743,RG22 4DH
8745,RG22 4ER
8746,PO14 2DE
8750,SP10 3QP
8752,PO7 8ED
8756,RG27 8DQ
8758,SO40 4ZH
8762,SO50 5JL
8763,PO16 8HJ
8765,RG24 8PQ
8767,PO9 3EF
8768,SO14 6RU
8771,SO14 0WZ
8774,SO14 2AU
8776,SO19 8PT
8785,SO18 2NX
8786,RG22 4PQ
8791,GU11 2HR
8792,GU14 6JU
8796,GU11 1RG
8798,GU11 1RG
8801,GU14 9ES
8811,PO13 9TS
8812,PO13 9TS
8813,PO13 8AA
8815,PO13 8AA
8822,PO4 0AG
8823,PO2 0LB
8825,PO2 9NE
8826,PO2 9NJ
8829,PO5 2SR
8830,PO5 1HG
8832,PO2 8NW
8835,PO4 0AG
8839,PO1 5QR
8840,RG27 9NR
8843,RG21 3DH
8848,GU14 9FX
8849,SO22 6LU
8851,SO40 8WU
8852,PO8 8SA
8853,GU14 0NE
8854,RG24 8PQ
8855,PO7 8NT
8856,SO30 2TL
8860,RG22 4PQ
8866,SO16 4AS
8868,SP11 7FE
8869,GU34 2BY
8897,SO40 4ZE
8907,BH24 1LG
8923,PO17 5HU
8927,SO23 7DD
8934,PO12 1JD
8938,SO15 5TE
8942,PO1 3BN
8953,GU51 5AJ
8957,PO9 2JX
8969,SP11 8NT
8970,PO14 1ND
8976,SP10 3PF
8978,PO1 1PX
8987,PO12 3NB
8995,SP10 3PB
8997,SO53 2PL
8998,GU52 7RY
8999,SO31 4NE
9000,PO16 9BD
9002,RG26 5NL
9003,PO11 0NU
9004,SO32 2RB
9006,RG22 6HA
9007,PO7 5UD
9008,RG20 9HP
9010,GU46 6NW
9011,GU51 5JA
9013,SO22 6JJ
9014,RG21 5PB
9015,RG22 4HS
9017,SO50 4FZ
9019,GU14 9BY
9020,GU14 6BH
9021,SO16 4GW
9023,SO16 9RJ
9025,SO18 1BU
9026,PO6 4QP
9029,PO15 6PH
9032,PO9 4BU
9034,RG22 6SR
9036,SO40 2ZZ
9038,PO6 4JD
9039,BH25 5FN
9041,PO11 0PA
9042,PO14 2AT
9043,RG28 7JF
9044,SO45 4RQ
9045,PO1 1RX
9046,PO7 5DS
9058,BH25 5SU
9062,SO51 9ZH
9070,GU14 6PA
9075,GU46 7UQ
9084,SO17 1EJ
9089,SO15 5UQ
9090,PO5 3EQ
9092,PO1 2LN
9094,RG21 8SR
9102,PO7 5QD
9104,SP10 1JZ
9107,SP11 6LT
9108,PO8 9XP
9117,RG24 9NH
9120,SO45 4RQ
9124,SO21 2AJ
9142,WR6 6DE
9157,HR8 2BE
9163,WR10 1DF
9166,B97 6HH
9169,B98 0LH
9177,HR4 8ST
9188,WR2 4ZF
9191,WR10 1DF
9193,WR9 0AA
9194,WR9 8BD
9196,DY14 9LG
9204,WR3 7RW
9212,WR10 3AU
9215,WR11 1DU
9216,WR11 2QN
9233,B97 4NU
9241,WR5 2QZ
9246,HR9 7FX
9282,B60 1BA
9283,WR11 1DQ
9285,HR6 8JJ
9286,HR4 8ST
9288,B61 0JW
9293,HR1 1UU
9294,HR1 4DR
9295,WR5 2XD
9310,WR1 2LL
9311,WR1 1HP
9319,B60 2EP
9333,WD25 0DX
9334,WD19 4RL
9335,AL6 9JF
9336,AL7 3RP
9341,WD23 1SP
9342,WD23 2AW
9343,WD23 1ST
9345,EN8 7HH
9346,WD3 5HR
9347,WD24 5TY
9348,WD3 8JJ
9349,HP2 5JS
9350,WD3 5RR
9354,AL5 5HL
9355,AL5 4QW
9364,SG4 9AG
9368,SG4 8RB
9379,WD3 3NJ
9384,AL3 5RL
9386,AL3 5NL
9390,AL2 1JG
9398,WD24 5JW
9399,WD17 2LX
9400,WD23 2QH
9401,WD18 0WN
9404,WD18 0WF
9405,WD24 7DN
9406,WD24 7RL
9407,WD24 7ER
9408,WD19 5BT
9409,WD17 3PD
9410,WD25 0JH
9413,AL8 7SD
9414,AL7 3RP
9417,WD5 0LG
9424,AL2 1PH
9427,WD19 6QH
9428,WD19 6QX
9430,HP2 5JS
9433,SG2 9GG
9434,AL5 3AD
9437,AL1 5QP
9440,AL10 9AH
9441,SG1 3RP
9451,AL2 2HU
9454,WD23 2QL
9465,AL5 1QB
9470,WD3 9SS
9483,AL5 1QD
9484,WD4 8DQ
9487,HP23 5DJ
9490,WD18 6LL
9492,WD17 3PE
9496,AL1 3SW
9497,SG1 6NH
9498,WD23 1SJ
9500,EN7 6LB
9505,SG9 9DT
9507,WD17 4YS
9510,AL3 4HZ
9515,SG1 2NU
9516,SG1 2NU
9517,WD25 7QZ
9525,SG8 5EQ
9527,EN7 6JG
9528,HP2 6LJ
9529,HP2 7JZ
9531,WD24 6ST
9532,WD25 9NW
9539,HP2 7QH
9542,AL5 3EF
9544,SG13 8DR
9545,SG1 4QZ
9550,EN6 2BA
9551,EN6 1QB
9553,WD17 4YT
9555,HP2 7JZ
9556,AL7 4RU
9566,SG9 9EU
9575,EN10 6QA
9577,SG12 0NR
9591,WD4 8RJ
9597,HP4 3HA
9598,HP4 3QZ
9599,CM23 2NL
9606,HP1 3BT
9610,EN10 7AY
9627,SG11 1RZ
9629,SG2 0PZ
9636,HP23 6EP
9638,WD19 7DW
9639,WD6 5HL
9646,SG12 7BT
9647,SG2 8QJ
9655,WD5 0HW
9656,WD23 1SU
9658,AL6 9DJ
9660,EN7 6LR
9661,SG12 9HY
9662,WD18 6BW
9663,EN6 2ES
9666,SG5 2UR
9667,HP1 1TX
9668,SG6 4BA
9669,HP2 4DE
9670,SG2 9SW
9672,HP1 3DW
9673,SG2 0HS
9675,SG6 3QA
9677,HP2 7HL
9678,SG9 9AW
9680,HP1 2PH
9682,WD6 4EP
9689,CM23 3LU
9690,HP4 3AH
9692,CM23 2NQ
9695,WD25 8NL
9703,HP1 2RF
9708,WD7 7LY
9710,AL1 3SJ
9714,AL6 0BJ
9716,WD23 3DA
9731,AL3 4HB
9733,WD6 3BT
9734,AL5 4DU
9738,WD23 4EB
9739,WD7 9BG
9741,WD23 2QG
9743,WD25 7HR
9745,WD19 7UY
9746,AL3 7ET
9753,HP3 8RL
9754,AL1 2NU
9759,WD23 4NN
9763,HU17 7BT
9771,DN20 8AR
9774,DN35 7SY
9781,DN16 2HY
9796,HU5 2JY
9797,HU7 0BA
9802,HU11 4EG
9803,YO16 4XQ
9812,HU12 8BN
9837,HU17 7HF
9845,YO43 3EY
9866,HU13 9JD
9867,HU13 9JD
9904,DN19 7RN
9905,DN14 9DG
9912,YO41 5QG
9921,HU17 9EX
9922,HU17 7EJ
9923,HU19 2EQ
9924,YO43 3JF
9925,HU12 8UZ
9926,HU18 1DW
9928,YO16 6UR
9929,DN16 3NG
9931,YO16 4QU
9939,HU10 7EH
9941,HU3 1LW
9944,HU6 8JJ
9949,DN16 1BN
9961,PO30 5SH
9962,PO33 3HA
9965,PO38 3DP
9968,PO33 3PT
9984,PO30 5GD
9985,PO33 3BE
9988,PO30 1XW
9992,DA2 7UZ
9996,DA11 7BT
10017,ME17 4HP
10025,ME16 0QQ
10034,ME6 5EJ
10035,TN12 0LZ
10038,ME4 5AW
10039,ME4 5AP
10040,ME4 5QN
10049,ME11 5DF
10052,ME10 4SE
10053,CT2 9ED
10075,CT15 5JQ
10087,ME7 3HJ
10095,TN2 5EB
10100,ME8 9LP
10101,ME8 9LP
10105,CT20 3EP
10108,ME15 8LH
10114,ME13 7NU
10122,TN25 4PJ
10125,ME15 8QQ
10126,CT10 2PW
10127,CT1 1EP
10138,TN2 5RP
10141,TN10 4PT
10142,TN10 3JU
10145,CT9 3PP
10153,TN17 3JZ
10155,TN18 4JJ
10167,TN16 1EZ
10191,ME9 9BQ
10195,CT3 1XS
10212,CT15 7HH
10216,CT15 5LR
10224,CT12 4PS
10234,CT6 7AH
10240,TN17 2BH
10243,TN11 8BX
10248,ME15 0SJ
10249,TN15 8JY
10255,TN23 1ND
10260,CT14 7ER
10272,DA1 2HX
10276,ME8 9NP
10279,DA1 2LY
10280,DA11 8AQ
10281,TN4 9UJ
10282,TN4 9XB
10283,ME6 5HS
10284,CT16 2PZ
10285,ME15 7BT
10286,ME16 0SF
10287,CT1 3EW
10288,TN9 2PN
10290,TN15 8JZ
10291,DA12 1LU
10296,DA1 5AF
10305,CT4 7AS
10307,CT2 7AP
10309,ME4 6SG
10310,CT10 2LH
10311,DA11 8BG
10312,CT17 0DQ
10313,DA12 2JW
10320,TN18 5DJ
10321,ME3 7PA
10327,TN4 9SY
10332,TN14 6AE
10338,DA11 0HN
10349,ME1 1SA
10354,TN25 5EZ
10362,TN13 3UL
10369,CT14 8DW
10375,TN3 0TB
10383,TN23 3BT
10386,CT17 9PS
10387,TN10 4PT
10390,ME15 9QF
10393,CT1 3JJ
10398,PR6 0SL
10399,BB12 6AJ
10402,BB9 7QH
10403,BB9 8BP
10405,PR1 3XU
10409,BB7 1EL
10416,OL13 8EF
10422,BB9 8BP
10423,PR2 1QE
10438,LA1 1LD
10439,LA1 3LE
10440,LA1 2RJ
10446,LA3 1BW
10452,FY5 4JP
10456,PR2 7EE
10457,PR2 8ER
10480,BB9 7SY
10481,BB9 0TL
10482,BB9 7HF
10493,OL13 8PH
10494,OL13 9RR
10496,OL13 8EF
10497,BB4 4BJ
10506,PR6 0SP
10507,PR7 1XP
10509,PR25 1JL
10516,BB1 9TH
10534,BB18 6SJ
10535,BB12 0BN
10541,BB18 5LS
10551,PR4 3HX
10555,FY8 2HQ
10563,PR1 0RH
10565,FY5 5JR
10566,WN8 9NF
10595,PR5 8HL
10601,PR1 9DE
10602,PR5 8LS
10609,LA4 4XF
10616,BB3 2RW
10625,BB4 8RZ
10626,PR25 1JL
10638,PR1 9YE
10640,PR9 8BL
10646,BB4 7UA
10667,OL13 0QW
10672,BB7 1ED
10677,BB12 8HT
10678,BB1 4DT
10686,BB9 9TQ
10695,BB5 4DN
10711,PR7 3JU
10731,BB10 2NH
10742,BB1 8EG
10744,BB1 1DF
10745,BL6 7SE
10747,BB2 1LQ
10750,BB2 2RY
10756,LA5 8DT
10773,LA4 5QA
10781,LA5 9SU
10786,FY8 4HA
10816,PR25 4SJ
10819,WN8 6TN
10821,PR4 1AD
10832,PR1 7DR
10843,WN8 9BN
10881,BB9 8HD
10882,BB9 0DQ
10885,BB5 4HG
10889,OL13 9LJ
10892,BB4 8SU
10905,L40 3PP
10906,PR6 8LL
10933,BB1 5BN
10937,BB8 7DP
10939,BB4 8HW
10940,PR25 2TP
10943,PR4 2ST
10944,OL13 0TG
10945,L40 7RZ
10947,PR3 3AR
10949,OL12 8TS
10952,LA4 5BG
10954,BB4 4EY
10957,PR1 6DT
10959,PR25 3AH
10961,PR2 8QY
10963,WN8 6JW
10964,PR5 6PB
10966,FY8 4JL
10972,BB4 6SJ
10973,LA1 2RX
10975,PR3 2XA
10976,BB7 9JA
10978,PR7 3LS
10984,FY6 8BE
10985,PR2 8RA
10986,PR25 1BS
10992,L40 9RQ
11010,FY3 7LS
11013,LA3 3AB
11038,LE16 7QZ
11068,LE5 3HH
11069,LE4 6BY
11091,LE3 9BX
11104,LE2 0HE
11111,LE4 1DT
11116,LE5 5FS
11120,LE3 5AS
11121,LE5 1TG
11162,LE15 6GY
11185,LE12 9DB
11186,LE5 5FT
11187,LE2 6FU
11188,LE4 0FL
11189,LE4 7GY
11191,LE2 0TU
11192,LE5 6LN
11195,LE5 6HN
11214,LE15 6QW
11216,LE11 2AE
11220,LE15 6GY
11224,NG31 9BB
11229,LN4 3JY
11240,LN4 3SX
11246,PE9 1HE
11248,NG31 9LR
11256,PE20 1HY
11268,LN2 5PF
11270,LN13 9BJ
11281,LN11 8DQ
11291,LN1 2TP
11305,LN4 4QZ
11306,PE25 3SH
11314,LN9 5EH
11321,LN4 4HU
11349,PE12 6DL
11364,LN11 9AR
11366,LN8 3BL
11378,LN7 6LY
11382,LN11 8LD
11383,NG31 8LB
11404,PE11 2PJ
11407,DN21 2ST
11408,LN11 8DH
11410,PE24 5LS
11417,LN6 0QQ
11435,NG34 8QA
11439,PE30 5PT
11448,NR10 5EZ
11456,NR21 8BN
11468,NR16 2EJ
11476,NR28 9HG
11488,NR12 9DG
11490,NR7 0AJ
11493,NR35 2LL
11512,PE30 4RR
11518,NR7 8NT
11537,NR30 4HF
11545,NR14 8JG
11551,NR8 6PJ
11552,NR28 9HG
11584,PE37 7RF
11595,NR20 4PX
11617,NR18 9TS
11624,PE32 1LY
11637,NR17 1RL
11644,PE30 3JZ
11663,NR2 2LR
11667,IP24 3AF
11675,NR26 8ND
11687,YO24 1HW
11715,YO7 3SF
11724,YO30 2BD
11725,DL9 4ED
11729,DL9 3BJ
11730,DL9 3BJ
11733,YO21 1HY
11735,YO18 8AJ
11736,YO12 4QX
11744,YO7 1SL
11770,BD23 4HA
11773,BD23 5HX
11794,LA6 3DY
11814,HG1 4HZ
11847,YO7 3NA
11849,YO7 2LR
11860,YO41 4HP
11879,YO23 2QT
11883,LA2 8EJ
11884,BD23 6LQ
11891,HG4 3BH
11918,HG4 2AL
11948,HG1 4AP
11956,DL10 7DZ
11957,YO12 6LX
11959,YO21 1PZ
11961,DL9 4BD
11962,YO62 7SL
11963,YO7 1RZ
11964,YO21 1LA
11966,DL8 2EQ
11967,YO18 8NG
11968,YO32 9WT
11970,YO12 6QW
11972,DL8 5HY
11973,DL10 7BQ
11974,YO17 7NH
11976,BD24 0AU
11978,LS24 9NB
11980,LS25 6AS
11981,YO51 9JX
11983,YO8 4HT
11984,YO32 4BZ
11986,DL10 7DA
11987,BD23 1PL
11988,HG2 8PT
11990,YO24 1BJ
11997,YO1 7JA
12017,YO62 7HQ
12018,DL7 9QW
12091,NN10 0DA
12093,NN8 5LQ
12094,NN15 6QY
12095,NN4 9RR
12096,NN4 0QW
12118,NN14 3DR
12127,NN7 3HS
12138,NN29 7PH
12139,NN15 6SW
12148,NN15 6DJ
12151,NN8 2BX
12152,NN6 8HP
12155,MK19 6DA
12162,NN6 0DT
12167,NN3 7AR
12169,NE47 9PT
12174,NE22 7JQ
12176,NE24 1RD
12177,NE62 5RR
12179,NE48 2EL
12180,NE20 0ET
12187,NE23 3ST
12190,NE25 0LN
12192,NE61 5AS
12195,NE18 0NA
12199,NE68 7UE
12205,NE65 7PG
12210,NE48 1LX
12215,NE48 1HQ
12220,NE66 2XQ
12222,NE65 9JP
12223,NE46 3QZ
12224,NE62 5HQ
12226,NE61 2HA
12230,NE24 4DA
12231,NE24 4NX
12232,NE66 3PX
12233,NE20 9PP
12241,NE47 6BN
12244,NE66 3AJ
12252,NE44 6DR
12255,NE66 3XR
12266,NE61 3XH
12268,NE66 2NU
12270,NE22 6EQ
12276,NE25 0BP
12280,NE48 2EN
12285,NE66 2DH
12290,NE25 0BP
12297,NE46 1UY
12299,NE61 2HA
12314,NG17 5FJ
12318,NG5 5EL
12326,NG20 0AS
12353,NG9 5FN
12360,NG17 4ND
12362,NG16 3FZ
12370,NG15 8HY
12381,S80 1TH
12382,S80 3HP
12419,DN22 0JB
12429,NG6 7DS
12435,NG17 7BT
12438,NG19 0NT
12443,NG7 6GQ
12445,NG16 1RF
12482,DN22 0PE
12489,DN11 8EF
12493,NG9 5AL
12499,NG7 4ED
12504,DN22 0DJ
12505,NG1 4JB
12509,NG18 5BA
12514,NG2 7UN
12519,OX1 4QH
12523,OX33 1NN
12524,OX16 0QT
12535,OX26 2DB
12542,OX3 0PJ
12546,OX3 8FN
12547,OX10 6EP
12548,OX44 7XL
12550,OX49 5RB
12551,OX9 3DH
12554,RG4 9RJ
12558,RG9 2HL
12561,OX4 4SF
12564,OX11 0PQ
12567,OX13 6EE
12570,OX12 9HL
12573,OX5 2LG
12577,OX28 5FZ
12578,OX14 1XP
12582,OX15 5JS
12583,OX15 4HP
12592,OX29 7US
12595,OX5 3FD
12636,OX16 4SB
12639,OX17 3NH
12641,OX26 1BF
12650,OX26 2NX
12653,OX4 1TJ
12654,OX2 6AB
12655,OX3 7SX
12656,OX2 7PH
12657,OX13 5JL
12666,RG4 9LN
12667,OX14 1NP
12680,OX1 1QW
12683,OX1 3UA
12689,OX14 3PS
12693,OX10 9HT
12699,OX14 1BE
12711,OX33 1NN
12712,OX28 1AR
12715,OX26 4RZ
12716,RG4 9RJ
12718,TF7 5ET
12727,TF2 8EP
12733,TF4 2PR
12739,SY3 8LU
12742,SY3 8LU
12743,SY1 4LE
12751,TF13 6JG
12757,TF3 1LD
12758,WV16 5DQ
12761,TF10 7QU
12764,TF3 2LR
12765,TF4 3DU
12766,TF4 3RP
12767,TF7 4DS
12769,TF1 6FQ
12772,TF2 8SA
12773,TF3 2EP
12781,SY4 3LF
12786,TF10 8JQ
12802,SY5 0TF
12818,SY13 1RX
12824,TF12 5LW
12827,TF7 5DL
12828,TF2 9LJ
12830,SY8 1TP
12831,TF5 0NT
12834,WV15 5EQ
12853,TF2 7PZ
12857,SY9 5AY
12859,SY3 9DW
12861,SY5 0TG
12862,TF9 1HF
12874,TF1 3LB
12889,TF4 3PX
12890,TF1 5NQ
12905,BA22 7LT
12913,BA4 5JQ
12917,TA6 6JB
12946,BA21 5RL
12956,TA11 7BN
12967,BA11 4LB
12968,BA6 9DR
12970,TA10 9BY
12972,TA19 0DS
12998,TA2 8FT
13018,TA10 9NT
13038,TA23 0EX
13040,BA11 2HQ
13041,BA9 9BX
13043,TA19 0BL
13044,TA6 6AW
13045,TA9 3EE
13047,TA2 8PD
13049,TA18 7NT
13050,BA10 0DP
13072,TA6 6AP
13079,BA11 4LB
13084,ST4 2DQ
13090,ST1 3JS
13094,ST4 4LJ
13098,DE14 3TE
13100,DE14 2BB
13114,WS11 6EU
13121,ST10 1EN
13124,WS13 8NL
13125,ST11 9QT
13128,ST7 1NA
13136,CW3 9JX
13143,WS15 2PD
13175,B77 2SA
13181,B77 4LS
13196,WS7 1AH
13204,ST6 7LP
13208,TF9 4NU
13225,ST5 5AF
13247,CW3 9PJ
13251,DE14 1SN
13266,ST13 5QY
13273,WS12 1DE
13282,WS6 6PG
13287,DE15 9RT
13289,ST7 8AP
13292,ST9 0HP
13293,WV8 1PQ
13294,ST9 9EE
13295,WS14 9EE
13296,WS13 7NB
13297,ST19 5RX
13298,WS13 7EW
13302,ST14 7PL
13311,ST17 9DJ
13312,WS11 4AW
13314,ST19 9BA
13321,ST14 8NS
13322,ST4 5RF
13324,ST5 1DB
13328,ST13 8RB
13330,ST3 5PR
13335,WS12 4JS
13336,B77 2HJ
13337,WS11 5SA
13355,CO6 4HZ
13359,IP33 3JX
13362,IP7 5HQ
13366,IP10 0AX
13367,NR33 8DG
13379,IP5 1JG
13381,IP12 1PG
13385,IP17 1XQ
13386,IP9 1NR
13397,IP14 1NN
13404,IP11 2LA
13406,NR32 2NX
13409,IP2 0AN
13410,IP3 9UA
13458,IP14 3QZ
13475,CB8 8JE
13477,CO10 1JP
13488,IP1 2AX
13491,IP2 9HN
13493,IP14 1QR
13494,IP4 3DL
13495,IP33 3BH
13522,IP8 3ND
13525,GU7 1JG
13527,GU2 8AA
13531,SM7 3HU
13534,GU25 4HD
13537,KT19 8SD
13538,KT19 0QG
13539,KT19 0UY
13546,GU2 9ZT
13553,RH7 6PE
13555,RH2 0BY
13564,KT14 6EF
13573,GU15 1AY
13596,KT12 2EB
13597,KT12 5NB
13601,GU2 7DD
13602,RH1 6JX
13607,KT13 9DA
13610,GU4 8NB
13611,KT14 6EF
13625,GU22 9PR
13630,KT18 5RJ
13643,GU23 6ED
13655,GU9 7BB
13660,GU24 8AB
13662,TW20 0RU
13675,GU2 4YD
13678,RH5 5DJ
13682,RH2 7DB
13693,TW20 0RY
13694,KT22 7JN
13717,RH2 7NT
13720,KT22 7JP
13721,GU1 2TN
13722,RH1 2LQ
13724,RH4 3DG
13731,GU2 9ZA
13736,GU21 8TL
13737,GU9 9HF
13739,SM7 3RA
13747,KT19 8LG
13751,KT10 9LY
13756,GU7 2DX
13758,GU1 1SJ
13760,GU2 8BP
13761,GU1 2JD
13766,KT22 8TJ
13770,RH2 7EL
13788,KT17 2AW
13790,RH2 8RE
13792,RH7 6PH
13794,KT22 0JG
13802,GU22 7TP
13815,RH2 0QS
13818,KT16 9BN
13827,GU22 8HY
13829,KT13 8NL
13846,GU16 6TA
13865,CV37 8SA
13887,CV23 9AL
13893,CV22 6JS
13896,CV7 9NS
13919,WR11 8XD
13924,B95 6AY
13939,CV37 9QN
13948,CV32 4JZ
13951,CV47 1PS
13952,B80 7QU
13957,CV34 5BG
13958,CV32 7LN
13966,CV8 2DA
13969,CV10 7BQ
13975,CV32 5TW
13976,CV32 5RD
13979,CV34 6PL
13983,CV34 4HJ
13985,CV7 8NU
13992,PO19 7AB
13993,RH13 5UT
14030,PO10 8DJ
14039,BN14 8GD
14040,RH10 1QG
14048,PO21 5EJ
14049,BN17 7JZ
14053,RH15 9YQ
14059,RH15 9SU
14066,RH11 8RA
14073,RH10 7RA
14084,PO19 7UA
14092,PO19 3QS
14094,RH13 8JJ
14099,GU28 0EE
14120,RH19 4QG
14122,BN6 9DH
14125,GU31 5QT
14126,BN16 4LP
14135,BN5 9PU
14165,RH15 9RJ
14168,RH13 5HR
14169,RH20 3AA
14170,RH14 9RY
14171,PO10 8PJ
14172,RH11 0DB
14173,PO22 8EL
14174,BN16 4HH
14175,RH16 2AQ
14181,BN14 8BG
14182,RH11 8PG
14186,PO18 9AN
14189,RH13 0LJ
14194,BN43 6YW
14197,BN11 4BL
14214,RH16 1DB
14220,RH11 0DX
14222,RH13 5NW
14223,BN13 1JX
14224,RH11 0DU
14225,PO19 6PP
14235,SN15 3PN
14257,SN3 3RR
14262,SN11 8TG
14265,SN14 0JE
14266,SN4 8BA
14272,SN1 5HS
14274,SN15 3SY
14275,BA14 9DU
14279,SN25 1JP
14291,SN14 8DU
14323,BA12 8LF
14330,SN8 3TR
14366,SN14 0DG
14370,BA14 7EB
14376,BA13 3QH
14389,SP1 3BQ
14399,SN15 1QF
14400,BA14 7EB
14410,IP28 7RD
14412,TF3 1LG
14413,DT5 2BD
14414,WD17 4FS
14416,M22 5DR
14419,LE3 8DG
14420,RG41 2RE
14423,B37 5JS
14425,NR1 2HW
14430,HA9 7NW
14436,MK2 3HJ
14445,LS7 4JE
14448,BL3 4HF
14464,PO7 7DB
14470,TS7 8DU
14472,EC1R 4PQ
14476,WD18 6LJ
14478,E14 3RP
14482,SG2 9HQ
14488,CV47 2XU
14491,WA10 4NQ
14492,WN3 5AN
14496,M28 7PS
14535,PR2 2YQ
14536,TS5 4AG
14537,BD5 7RR
14540,PR2 2YQ
14542,SE5 8HP
14543,RM9 6JH
14544,SE9 5RX
14545,DN4 6SL
14554,DA3 8JT
14556,NE10 8LT
14560,ME19 4LS
14561,MK7 7PG
14566,OX26 6SX
14594,LE15 7GT
14595,BA1 3LL
14597,NE63 0AX
14598,WA9 1BU
14601,NW9 6AX
14604,W6 9RU
14607,BL5 2FB
14615,L5 0SQ
14619,FY3 9UT
14623,NE9 7TB
14624,NN8 4NS
14625,NE39 2PP
14630,KT2 5PE
14635,L12 0JE
14641,GU2 8YH
14642,PO13 0JN
14643,PO13 0XT
14654,WF4 4JG
14659,RG42 3QS
14669,DH7 0HU
14671,W6 9RU
14672,TW20 0HS
14676,CT15 4FB
14680,RH16 4NQ
14683,SN25 2ND
14684,PE27 3WF
14686,NE9 5UR
14688,M8 8SA
14690,CM17 9TH
14695,N7 7QT
14696,CO4 9GF
14701,RM16 6NB
14704,DN34 5TA
14708,PE29 2WW
14715,TS19 7QU
14720,W2 5EZ
14722,W14 8SH
14732,NW3 1NG
14733,TS25 4BY
14737,SK2 6NX
14741,L5 1XP
14742,L6 9EU
14743,HA7 2EQ
14744,SE17 2JY
14752,L36 2LF
14754,SW9 8UE
14757,EC2A 4JH
14758,MK5 8FA
14767,N1 2QH
14768,GL50 3EW
14769,SN25 2AN
14770,SN25 1UG
14771,PR2 2YQ
14772,BN23 5SW
14774,BB1 5JT
14777,MK7 7HL
14782,TS23 3NR
14783,BS32 8EJ
14785,FY2 0HN
14788,NW6 5ST
14789,PO15 7LA
14794,WS9 8HZ
14795,M7 2BT
14797,CV1 5LS
14801,RG22 4US
14802,TA3 5PX
14803,WD7 9BL
14810,PR3 3XB
14812,DN21 1YN
14824,SW11 2TD
14832,WR5 1DR
14837,WV6 8XG
14841,BR1 2SQ
14849,LS6 2DT
14858,CH43 9HG
14861,N22 5PS
14862,SL6 8BY
14863,L7 6LJ
14865,RH10 7RA
14867,E2 8BA
14875,UB7 9DL
14877,TS14 6JA
14880,N14 4LR
14884,MK4 1EZ
14885,NN11 0YP
14889,SW6 6EG
14896,N4 3LS
14897,PE2 8XA
14901,BS34 6HY
14905,TQ9 5LQ
14906,SO53 4HW
14908,PE3 9XJ
14909,PR4 0NY
14914,OL10 2AA
14919,E1 1NT
14921,N4 3NW
14923,E2 0HW
14925,TN23 4ER
14928,W12 0HR
14929,W13 0LR
14930,W3 0BP
14931,NE34 8BT
14938,N1 2UT
14939,IG11 7DR
14941,TN27 8BE
14942,GL2 4LX
14944,GL52 8GL
14945,RM12 4BP
14946,W3 9JR
14947,BN1 8LU
14949,CH3 7JA
14955,BS37 8SZ
14958,HP12 4BA
14970,EC1R 1YJ
14977,LU3 3LZ
14979,HP13 5JS
14980,DL17 0PT
14982,SE11 5BZ
14986,M41 7FZ
14991,S2 1SN
14998,HP13 5AL
15000,SR6 7NS
15004,E16 3HS
15013,LE3 6DN
15015,HA9 8JW
15016,WD7 7LQ
15017,CH66 2EE
15019,IP5 2ES
15020,SN15 3XB
15023,GU6 8TB
15024,NW3 5NW
15025,M16 8NH
15033,KT18 6HP
15034,CB23 5AX
15041,SN25 4TA
15045,PE19 8BT
15046,WA10 1UH
15051,OX3 9UW
15052,BB1 2PW
15053,ME4 3ST
15054,OX26 3BP
15055,E6 5JG
15057,B45 9EY
15065,SW19 6HR
15067,TF7 4HG
15069,SG2 0HP
15070,SN11 9UG
15084,BB1 1NA
15085,NE61 6NF
15087,DE1 3LB
15091,NE28 9RT
15092,CM14 5RY
15094,M5 4BJ
15096,NW8 8DE
15100,BS14 0LL
15103,CA25 5LW
15104,DL16 6PP
15111,BD10 0EF
15115,NG2 6TH
15116,WA7 6BZ
15120,BS37 8SZ
15123,N21 3HE
15126,MK14 6JZ
15128,RG24 8AJ
15131,S40 1DD
15136,B69 3BU
15141,SW11 2HB
15142,BS11 0QA
15146,NW6 4LB
15148,WA4 1AP
15150,NG34 7FE
15152,N21 1QQ
15162,DL7 8UL
15169,M6 5EJ
15170,B18 5PB
15171,BB1 5NQ
15174,PE7 8BZ
15180,NE23 7EB
15182,BS4 5NL
15186,EX4 8NN
15188,MK4 2SH
15189,MK5 7XX
15191,E12 5PY
15196,L4 1UN
15198,NE31 1QY
15200,GU51 1DP
15205,TS17 5GA
15206,E13 9DQ
15217,CA25 5DG
15223,ST16 1BY
15227,NG3 3AL
15229,ST4 6NS
15233,DE73 5NY
15239,TF3 2BF
15242,NG18 2RG
15243,NG18 3PJ
15247,M32 8SH
15250,E10 7LX
15251,E2 9JY
15255,TS24 9PB
15259,PO9 5PE
15262,L9 1NR
15263,CB1 3RJ
15264,SS12 9GJ
15266,HA8 6JP
15269,WA8 8JN
15271,WA8 8BQ
15286,TW9 4ES
15292,N3 1SA
15293,NW9 6NQ
15294,CT18 7RH
15296,BB11 5AE
15300,NW6 5HE
15303,CA14 5BD
15309,IG2 7PQ
15315,HU17 0EW
15331,CV2 1EQ
15336,YO16 7SZ
15337,HU17 8FF
15339,W4 2JR
15344,HU18 1TG
15345,EN3 6FB
15346,B11 2PZ
15351,OX18 1JF
15353,PE2 9RT
15354,CT12 5FH
15360,NW9 7AJ
15364,RM9 4UN
15365,SK16 4LE
15375,N16 6UB
15384,TN23 5LW
15385,CM13 1SD
15387,DN7 5AB
15394,TS1 4NT
15396,CM2 6PT
15397,SW2 2JE
15400,HX6 1HB
15403,WA5 1XE
15406,NE32 5UW
15411,WS3 3LX
15412,PE29 1PE
15416,SO16 9QX
15425,B90 1NA
15426,KT19 8TF
15427,HA3 9TE
15430,TW10 6HY
15431,B24 0ED
15435,SL5 9PG
15443,TF1 3ES
15446,ME7 2BX
15448,DA18 4DW
15450,EN11 8HT
15452,SP4 7XX
15465,IG5 0DB
15466,IG5 0DB
15471,GL52 6NR
15473,LE5 1LU
15477,AL3 5JB
15480,BB2 4JJ
15496,RH10 7XW
15500,ME19 4GJ
15504,MK10 9LS
15505,MK4 3GB
15506,TS5 4QQ
15507,DH2 1EZ
15511,AL1 1LN
15519,KT16 0PZ
15521,LA13 9RP
15524,SN25 2EX
15525,OX28 1AR
15536,MK8 0PZ
15538,BR4 9HW
15540,NE38 7NY
15542,WA13 0GH
15544,GL16 7EJ
15552,CA28 8DA
15554,OL16 1QT
15555,SE1 5LA
15556,TS8 0GA
15559,NW10 3ST
15560,NE34 7TD
15561,DN4 9HU
15567,RM6 5SD
15569,CH2 3HB
15572,NG7 6ND
15574,WV4 6SR
15575,WV4 6SR
15576,TS5 6EA
15582,B38 8HU
15587,WN4 0EP
15590,PE7 8LS
15591,N9 9SJ
15597,MK10 9PH
15599,WA7 1PW
15602,L20 6PG
15608,UB5 5LQ
15615,SY1 4RG
15619,SE18 6BB
15626,WV1 4RA
15629,CV3 5EH
15630,BD5 8HH
15633,NR3 3UA
15636,CB22 3BF
15638,B63 4HY
15640,GL4 3DB
15642,S66 8QN
15644,M16 9GN
15650,CO6 4RW
15659,GL4 0RW
15663,DN6 8PU
15664,KT12 3LN
15666,B11 1PL
15694,N16 5RP
15700,RG22 5BB
15703,L16 5EY
15704,HX2 8AP
15705,YO11 3BQ
15718,E5 8JY
15720,BA21 4EN
15725,AL10 8TQ
15734,CA14 5PX
15743,NW9 6HB
15745,CH2 1BQ
15748,LA2 8LH
15753,SL2 5QR
15757,N1 9JF
15761,SP4 6GH
15763,UB8 3GA
15764,HA8 8DE
15767,LU1 1EH
15773,NN3 8NH
15775,W1H 2EA
15778,B12 8NX
15782,SK16 4JG
15784,TF1 6UJ
15786,DL14 8DY
15787,ME15 8DF
15789,EX2 5DW
15790,SS9 5UT
15796,GU2 6RS
15801,LS28 6HL
15805,NG1 1DA
15806,HA2 7JP
15809,CB23 6DY
15816,LE2 0AA
15821,LS26 8AR
15822,BS7 9BY
15825,B78 2HW
15826,GL1 3PY
15827,HA7 3FD
15828,TW9 3AF
15836,NR3 3TP
15841,M45 8NH
15842,CV2 2DX
15843,CT12 6FH
15848,CB4 2GR
15850,RG30 2TS
15853,BB9 8LF
15858,BB10 2AT
15862,NE27 0AB
15863,BB11 3DF
15868,SM5 4NR
15870,BB10 2AT
15872,BB9 8LF
15879,DY4 8UH
15886,DY13 8LA
15896,DY11 5XQ
15899,DN17 2TX
15902,BR1 5EB
15904,NW7 4HX
15905,SE14 5SF
15916,L30 7PG
15917,N3 2SY
15918,DL3 0HZ
15919,TW3 1JS
15924,SL2 5FF
15928,NG7 3AB
15930,DL2 2UQ
15934,PE30 4RP
15935,DE1 2LF
15938,TS23 2HJ
15941,CB22 3GB
15945,NW1 7AB
15946,SP2 0ES
15948,TF7 5FB
15951,UB1 1LS
15954,TN4 8RZ
15957,B66 4ND
15960,W14 9BL
15964,CB1 8DW
15967,E17 3EA
15968,CT19 5FP
15973,OL16 2SU
15979,DH7 8NL
15981,DN32 0AZ
15994,AL10 8NW
15995,HP1 3JY
15996,N2 9JP
15997,BD9 6AL
16000,B70 9UW
16002,OX2 0DJ
16007,NW1 6RX
16008,TF4 3EG
16011,SE25 6AE
16016,CW7 3HN
16022,PE1 2UW
16023,SE3 0XX
16027,MK3 5GG
16028,MK10 7EU
16029,MK4 3GE
16032,M40 7EJ
16036,NN18 8TD
16040,TN28 8BB
16043,BS15 8BD
16044,M16 8PR
16047,BS15 1NU
16050,NN17 5EB
16054,SE19 2JH
16055,M24 6XN
16056,DL1 1LL
16057,SE1 5UJ
16058,SW15 2UT
16069,LU4 0NE
16073,DE1 3LB
16080,OX16 0UD
16082,BD4 7QJ
16084,ME17 4HX
16085,ME15 9QL
16086,NW9 9HA
16090,KT17 2LW
16091,PE1 5GZ
16092,L30 2DB
16093,SE24 0QN
16096,SE16 6AT
16098,PL14 4DA
16099,B9 4HN
16106,NE15 6AF
16107,TS25 1NN
16112,CT4 8EG
16114,B43 7SD
16117,WN8 6SA
16122,CT9 4JA
16126,L33 8XF
16136,DN4 9HT
16140,OL6 8RF
16144,DY4 9ER
16148,PO8 9QD
16149,LE12 8BQ
16150,SW10 0AB
16155,DN2 6HQ
16166,LN6 0EP
16167,LN5 8PW
16173,BS1 5TS
16177,BS6 5RD
16180,SE1 6AG
16181,CO4 5XT
16186,WD25 0DQ
16188,HU9 5YB
16190,HA9 9JR
16191,HP12 4JG
16194,BA20 2DU
16195,SW4 9PA
16198,CA2 6LB
16199,CA1 1LY
16200,SR4 9BA
16202,SO16 8FA
16204,DA3 7PH
16206,CA22 2DQ
16207,M7 4NX
16214,SR2 7NA
16215,M14 7SH
16216,BB5 4FF
16218,CM8 2SD
16222,M50 3UQ
16223,HR2 7NG
16224,BS14 9BU
16226,DN21 1PB
16231,DN15 7DF
16233,SW1V 3AT
16237,NG6 8HG
16243,LU1 3JE
16246,ME12 3JQ
16247,GL4 6TR
16249,BD4 7SY
16253,BN15 9QZ
16254,BN17 6FE
16256,EN4 9GE
16257,WA7 4UN
16258,OL12 9HJ
16259,NN1 2BG
16260,GU29 9DT
16261,NG8 4HY
16262,SW11 3DQ
16265,WS4 1BW
16266,BL3 3HH
16276,DY11 6FA
16287,L33 8XD
16288,RM7 9EJ
16300,TA6 6LU
16306,SR8 1NX
16307,EN2 9BQ
16310,SE13 7BN
16312,DL6 1SZ
16313,BD23 2QS
16314,PL3 6JQ
16315,GL52 5HD
16318,PR7 7HZ
16321,BD12 8AL
16324,NG16 3HW
16326,M22 9RH
16327,M23 9BP
16328,WD25 7HW
16329,CH43 1TY
16331,HP18 0WS
16336,NE63 9FZ
16337,SP11 6RD
16338,TN2 4PY
16343,SS14 1UX
16344,SS13 3HL
16346,SE8 5RQ
16349,B7 4QR
16350,B29 4HE
16351,WR3 8HN
16354,LS13 1DQ
16355,PR2 9YR
16356,WD23 3AA
16358,CH65 6EA
16361,BS36 1JL
16366,M5 5AG
16369,WS10 8QJ
16370,CO15 3JL
16373,RM15 4RU
16374,WF1 2PF
16375,BN43 6YT
16377,ME2 2SX
16381,CR9 7AL
16382,LS10 2JU
16385,NW2 7SN
16387,B69 2HE
16388,PE2 5RQ
16390,GL7 1EX
16393,E14 0FH
16397,MK40 4GG
16400,NE8 3HY
16404,NG17 7NZ
16405,PO32 6PA
16406,PO30 2DX
16407,PO30 5QU
16412,BA13 4JY
16413,PE3 8YQ
16414,B98 9BD
16416,RM10 9QH
16422,S66 8AB
16426,TW3 2AD
16429,E15 4HT
16432,DN16 3FX
16435,B11 3BZ
16441,M7 1QZ
16443,M6 5TJ
16445,CB2 8EB
16451,B71 2BX
16454,HX2 9TZ
16457,LU1 1LP
16458,ST6 4LD
16461,ME7 5HT
16468,OL2 5BF
16469,M7 2BT
16472,BH8 9PW
16475,CH46 2RP
16478,NG20 8QF
16479,TN13 3LE
16481,BL4 8HY
16482,B77 4FF
16484,TS12 2SJ
16495,PO9 5JD
16496,N9 8DQ
16497,CV10 7PD
16507,M9 0WQ
16511,WV10 6SE
16513,CW7 2BT
16514,WA7 6EP
16519,DN35 9NX
16522,CO4 3JL
16523,TN23 3HG
16524,BD20 6EB
16525,GL4 6RN
16527,NN2 6JW
16528,PE30 4QG
16531,DA2 7DR
16532,BH12 4HS
16534,SW14 8RG
16537,B15 3JL
16538,PE25 2QH
16540,L28 1AB
16541,OL1 4JX
16547,NW9 8XR
16548,NG6 8LE
16555,IG8 8HD
16556,ST5 0LS
16557,HP3 0DF
16560,NE31 1QY
16561,OL12 9EN
16563,TS3 8BT
16565,OX4 2AU
16566,WR5 2PU
16567,N12 8SH
16569,BR2 7AB
16570,PE6 7JX
16571,RM6 4RS
16576,SS0 0BP
16577,M34 5NB
16580,WD18 7JF
16581,DN41 7QD
16583,CW5 7DY
16584,EX5 3JG
16585,DA14 5AA
16586,PE22 9LD
16587,WF16 0AH
16590,ME10 1PF
16591,EX15 3AG
16593,WD18 0AE
16594,EN5 4DQ
16596,GL54 2BD
16600,SN14 6RJ
16601,M41 5UG
16602,SE24 9JH
16603,NN1 5RT
16605,CT2 8QA
16607,BR8 7TE
16608,ME10 4PT
16609,GL2 0LF
16610,RG4 8LR
16612,SE21 8SQ
16616,ME1 3BY
16618,IP27 0FP
16619,CT13 0FA
16622,B94 6DE
16623,TQ2 7EL
16624,CB9 0LD
16625,DE13 8AZ
16629,EN1 1YQ
16631,UB4 0LT
16632,DA8 3BN
16633,S26 5QQ
16634,PE19 7GG
16636,DA5 1NE
16639,ME4 6TJ
16640,KT13 9TS
16641,PE19 7GG
16642,CW11 3NT
16643,TW3 4EP
16644,EN9 1LF
16648,B37 5GA
16651,LN7 6QJ
16652,DA13 0JW
16653,NE3 2JH
16658,LA6 2HJ
16660,DA1 2HW
16661,DE73 5UB
16667,TQ7 1PL
16668,BH17 7EP
16676,TN24 8UD
16678,LA1 1SF
16679,CT11 7PS
16680,PL31 1DD
16682,SR6 7EF
16684,TQ5 0LN
16686,BB7 2DJ
16687,SP1 3JJ
16689,CT2 7AD
16690,WF1 4SF
16691,BL3 3HP
16692,EN10 7DD
16693,PE1 2UE
16694,HR9 7ET
16700,B27 7QG
16701,SP11 6TY
16702,L11 4SG
16704,CM1 1RW
16705,E17 6ED
16707,LN2 3JB
16709,TN9 2JR
16712,SL3 7PR
16713,WA12 0AQ
16715,NG6 0DG
16717,IG11 0FJ
16722,TF2 9RS
16724,CB21 4JB
16725,SS0 0RG
16729,RG1 5BN
16731,SW9 0AL
16732,SR8 1AU
16733,IP3 0SP
16734,MK10 9JQ
16735,TN9 2JP
16738,WA14 2RS
16739,B78 1QT
16740,ST4 5NT
16742,CB23 7DU
16743,BR7 5PS
16744,CT6 7NS
16745,BR2 8HZ
16746,BR7 6HE
16747,MK5 6EX
16748,WR11 4QH
16752,GL53 8QF
16754,NG31 7PX
16756,NG33 4NT
16761,HP13 6QT
16762,DE7 4HH
16764,SR5 4PJ
16767,SS0 0BS
16771,TQ12 3JG
16772,TQ14 9HZ
16773,PL1 5QP
16774,HG2 0DZ
16775,M33 3NH
16777,SP1 2ED
16780,M7 4AH
16782,DE56 4GS
16784,CV22 7AF
16788,PE2 8SZ
16790,TF10 7HL
16791,BR2 8HP
16793,HA5 2LX
16794,BA2 4RE
16795,SL3 7QS
16797,TR27 4DR
16798,TR14 7PP
16799,DL2 2JG
16802,GL4 6HE
16803,TW16 6LF
16807,TR7 3BH
16808,KT17 1NB
16811,DA17 6HT
16813,BR2 9EH
16814,SG19 1JD
16820,S40 3NS
16823,BR6 9SA
16825,CW6 0ST
16826,EN6 2DU
16828,PL7 2RS
16829,PL7 4LT
16831,MK45 2NU
16832,MK45 1NP
16839,TR1 1TN
16840,PL9 9AZ
16841,TQ13 7EW
16842,ME13 7BQ
16843,CT9 5RE
16846,BH18 9BG
16847,PL12 4AY
16848,RM13 7BB
16849,SS7 1RQ
16850,GL2 5AE
16852,CB24 4RS
16853,ME14 5DT
16854,ME14 5DS
16855,TN24 9AL
16856,CT7 9BL
16857,CT10 2RT
16858,BR3 3BP
16860,PL2 3DL
16862,B30 1HW
16865,M43 6AB
16870,DA16 3BP
16872,BS26 2JS
16874,TN4 9SH
16876,CM3 5JU
16878,EN11 0QF
16879,SG7 6DZ
16880,AL4 9NX
16882,SN13 9DF
16883,EX8 3AF
16884,WF10 3JU
16885,TR15 3PZ
16886,KT2 5PL
16887,WS10 9QU
16888,YO10 5ZA
16891,WS9 9PA
16893,B49 5ED
16894,GL3 2PL
16897,PL3 4BD
16898,NG4 4AA
16899,NG2 7FA
16901,SN13 9YW
16902,UB10 0EJ
16903,SN14 6HJ
16905,DE21 7BT
16907,CB1 1EH
16908,RG6 7HS
16909,EX5 3AJ
16913,CM1 3SX
16915,BR2 7DB
16916,CH3 7AD
16918,RG19 4LL
16921,CB1 3RJ
16922,LU4 9TJ
16923,BH25 6RS
16924,PE7 1XJ
16928,BH24 1SE
16932,M25 0JW
16933,ME1 3EL
16934,RM12 4YB
16935,BD23 1QL
16937,GL1 3JN
16939,PL4 7PG
16942,LA9 7EQ
16944,EX11 1RA
16945,WF14 9EZ
16946,DN11 0BZ
16947,CB25 9DL
16950,ST2 0GA
16952,HP19 9NS
16957,BS23 3QP
16958,BR7 5LJ
16959,HA4 0LS
16966,S26 4SF
16967,SP6 1EZ
16968,DA16 1LB
16969,PE1 5DB
16970,BS48 3BX
16973,GL51 3EF
16974,SL9 9SS
16975,ME16 8AH
16976,YO17 9PT
16978,MK5 7ZT
16979,LA1 4RS
16980,CA11 7EG
16981,RG14 6NQ
16984,BD20 7RL
16987,W10 6TH
16990,DH9 0TW
16995,PO36 9JH
17000,SM2 6TQ
17004,PL25 3PB
17007,BH23 4QD
17009,HR1 3SZ
17010,LU7 2PA
17011,GL1 5LE
17014,DL14 7JZ
17016,GL52 8AE
17018,TA24 5RH
17019,CB22 3BP
17021,WS4 2AE
17023,WA7 4SY
17024,CH43 1UQ
17025,SL7 2BR
17027,BS27 3AQ
17028,CA13 0QY
17029,SM3 8PW
17031,SM1 4AS
17032,HX2 9SU
17033,SM6 0PH
17035,TA24 6AY
17039,SM3 8AB
17040,SM1 2NT
17041,SM5 2QX
17042,SM6 7PH
17043,SM5 1RW
17044,SM1 3DY
17046,CB2 9AY
17048,BA3 3DE
17059,BS10 6NJ
17064,IP4 5HD
17065,GU15 4AE
17068,TR15 2QN
17071,IP12 4JX
17073,DL3 8AR
17075,CV3 4BD
17076,BS28 4BS
17077,MK7 7WH
17078,MK8 0PT
17079,HP21 8PE
17080,HP21 7SX
17083,SN9 5EW
17086,TR10 8PZ
17087,MK4 4TA
17088,SS17 8JT
17089,CM2 9DG
17090,BS20 7QR
17091,HP3 0HL
17093,ME3 8UJ
17097,CM2 9ES
17098,ME8 7AJ
17099,RH13 9JH
17100,RH13 9JH
17101,EX31 1RB
17105,LN6 9AG
17106,TR18 3JT
17107,GL5 4HF
17110,WD23 2TY
17113,RG41 1EE
17115,B6 4PZ
17116,SW12 8JZ
17117,HP21 7RP
17120,CB4 3NY
17123,WR2 4AF
17124,RG10 8DS
17125,TQ5 9NH
17126,PR7 1RS
17127,BA21 3JD
17128,CH45 4RJ
17132,WD25 0UU
17133,BB2 2JR
17134,WD3 6EW
17136,GU32 3LU
17137,CM2 9RZ
17139,GU1 1XX
17140,CV34 6PJ
17141,B75 7JT
17143,KT2 6RL
17145,EX14 1QT
17146,BA16 0AD
17147,SM3 9PS
17149,TA1 5AU
17150,TA6 7HW
17154,HU16 5PX
17156,ME16 8AE
17157,B47 5JW
17158,WR10 2BX
17160,WR9 0AA
17161,MK6 2LB
17162,LE5 6HN
17163,CB4 2HU
17167,NW7 4SL
17170,B4 7QD
17174,SL3 8GW
17175,N9 8BF
17178,PL12 6DX
17179,LN7 6QZ
17182,ST15 8JD
17185,SL7 1JE
17187,BA2 3LA
17189,LN13 9BL
17190,IP5 2PB
17191,BA11 4JF
17192,DH3 3QA
17193,DE6 1EP
17194,AL5 3AE
17195,PE28 5TQ
17196,DN35 0DN
17200,SY11 2AR
17201,SN3 3LR
17202,SN3 1AR
17203,GL4 0DD
17206,GL8 8AE
17208,M27 6JU
17211,IP32 6RF
17212,B95 6AF
17214,B91 1SN
17215,HU17 8NF
17216,BH8 9UJ
17218,NR35 1RW
17220,BS25 5QN
17223,KT15 3HW
17226,BR3 3BE
17229,TW14 9PE
17230,SL2 2AN
17231,WF9 2UJ
17235,E14 3BA
17236,TW1 4QG
17237,GU8 5BZ
17238,SK15 1LX
17246,HA5 5RP
17251,GL12 8RB
17256,AL1 4PR
17257,OL8 3EP
17259,DL2 2GF
17260,B6 6DJ
17261,B14 7QJ
17262,B14 7QJ
17263,B32 4BT
17266,NN14 6BB
17267,WR5 2LT
17269,B72 1RB
17271,NR34 9PG
17272,CM20 2NP
17273,BA15 1DZ
17277,MK8 8LH
17279,BN41 2WS
17281,LS9 7HD
17290,HA7 1PL
17292,UB3 2SE
17293,UB4 8JP
17295,TA14 6UG
17301,NN15 6BJ
17304,NN4 6TP
17306,HP5 1BA
17307,IP22 4DH
17309,EN2 6LN
17310,PO20 9EH
17312,WS15 4PT
17317,TN9 2HE
17318,BS15 4JT
17319,CA17 4HA
17320,SS16 5RU
17321,DE7 5HS
17325,RG24 9UP
17326,CR0 6BA
17327,LE17 4QH
17328,TW18 3HJ
17330,TA18 8HG
17331,ME3 9HH
17333,BR3 3SJ
17334,GL5 4HE
17335,TQ12 2NF
17336,SO45 4ZF
17337,TA1 1DF
17339,SO24 9BS
17344,OL1 3SQ
17345,NR33 0UQ
17346,LN6 9AF
17348,DA6 7DA
17350,OX12 9BY
17351,DN11 8EF
17352,PL27 7XL
17353,RM7 9NX
17354,B79 8AH
17360,ME13 8RZ
17362,CM21 9BY
17364,NG19 8QA
17368,DY13 8AX
17369,DT1 2ET
17372,NG31 6RP
17373,B98 8HB
17379,GL3 2NB
17383,HA1 2JG
17387,NW3 3AQ
17392,WR14 1WD
17393,PE19 2SH
17398,BA21 4NH
17399,GL51 0PH
17401,DN34 5AH
17404,HA8 6AN
17405,DN36 4TF
17408,BA21 3EP
17409,HA3 6NR
17411,PL6 8UN
17414,CV4 9PW
17417,NG34 7DD
17419,SL9 8TP
17421,GL7 1HS
17423,HP7 9QB
17425,W7 1EU
17426,DL3 0HT
17427,TR11 4LH
17428,EN6 1EZ
17431,DA2 7DA
17432,EX38 7DJ
17434,BA12 9DR
17435,B90 2PZ
17438,CV37 9DH
17440,HP2 5TD
17441,SO51 8ZB
17443,CO5 0EW
17445,CH48 5DP
17448,SS7 3HT
17450,PE29 7DD
17453,CA16 6XU
17454,CA8 1AR
17455,CA5 7NN
17459,TR1 1BN
17460,SL1 3AH
17461,CM1 7ER
17464,RH10 1SX
17465,SN5 6HN
17466,SN2 7SH
17469,LA10 5AL
17470,AL5 4QP
17473,UB3 4SA
17474,WS2 7NR
17476,BD7 2AN
17477,SO45 1FJ
17480,PE12 7PU
17483,BA5 2NR
17484,BH17 9NG
17486,SG4 9RS
17487,WA14 2NL
17496,GL2 4PR
17497,KT3 5PE
17502,PE27 6RR
17503,HU13 0JQ
17504,SN16 0DF
17506,SS0 0BW
17508,SS0 7JS
17510,GU27 1QB
17511,SO40 3ZW
17512,DN14 6AN
17516,BD5 0HD
17518,SK16 4UJ
17519,W9 2JY
17524,WC1A 2RA
17527,SY4 2AX
17529,LA11 7SA
17530,AL3 6DB
17531,PE9 4AT
17535,MK18 1AX
17536,PO7 7BW
17537,B32 3AE
17539,DL6 2EQ
17540,BH6 4AH
17544,W1U 5BA
17548,OX10 8HH
17550,FY2 9BY
17551,NE16 5AR
17556,PL27 6BL
17558,DA15 9AW
17559,CA1 1JB
17562,HP27 0DT
17565,ME1 2UW
17566,PE26 1DG
17567,SS4 3LN
17569,DA8 1JE
17573,WS11 1JT
17576,GL17 0DU
17578,ME5 7EH
17580,HX7 5DE
17585,RM3 0TS
17588,WF14 9PH
17592,PO14 4RP
17594,HA4 8EE
17595,NG2 7QY
17596,GL5 4AB
17600,RM11 3AD
17602,RH17 5DP
17606,BB5 4AY
17608,DA15 9AG
17609,WF17 0LD
17611,SN11 9BX
17614,CO7 0QL
17615,SE1 7RH
17619,CB24 8UA
17620,RG30 4BZ
17622,TA5 2DX
17625,BS6 6DT
17627,E5 0RB
17628,NG5 9PJ
17629,HD6 3XB
17630,CM18 6JH
17632,LN2 4PN
17633,M29 8JN
17634,CW4 7DX
17637,BH8 9PY
17638,DN20 8AR
17642,NE23 6BN
17644,NR32 4EU
17649,DN37 9EH
17650,RG14 6JP
17651,TR20 8EX
17657,DN5 9DD
17658,SE3 8EP
17659,CT1 1PH
17660,PE29 3BN
17661,CH63 3AQ
17667,DN11 0QY
17669,TN30 6LT
17671,WF17 0AD
17673,CW11 3NS
17681,N16 5RS
17683,DL2 2AD
17686,L23 9YB
17692,L31 7AW
17693,HX5 0QG
17695,BS31 1PH
17698,SG8 6EF
17701,N11 2AZ
17704,GU34 2BZ
17707,PO16 8AH
17708,NW4 1NA
17710,NR31 8AP
17717,BA3 3NQ
17718,RM16 6SA
17721,CM18 7NQ
17722,ST18 0YG
17731,SL1 7HG
17735,S4 8DG
17737,HP19 9DZ
17738,DY9 7ND
17739,PE10 9DT
17740,ST1 4EU
17742,BD16 1TZ
17743,LS12 5EU
17744,B38 9DE
17745,DA10 0BZ
17747,BS3 4AG
17748,CB24 8UA
17751,CV10 8JX
17754,PE9 1HE
17758,PR8 2LT
17760,DE75 7RA
17763,DA11 7LS
17771,LE13 1LH
17772,TW13 7EF
17775,NR26 8ND
17776,DL3 8RW
17778,WR6 5TD
17779,WR14 3NZ
17781,BS11 0SU
17787,UB8 3RF
17788,GL3 2RB
17789,UB10 8AB
17790,LU7 3PF
17792,DH8 6LZ
17794,LE12 8DY
17798,EX32 8QY
17799,NW4 2HP
17800,NW8 0NL
17802,SE16 5LQ
17804,SN11 8YH
17806,UB4 9QB
17810,SG8 7JH
17811,SG8 5EQ
17812,SG8 7JF
17821,NG34 7RS
17824,IP1 6SG
17827,KT6 4TU
17828,LU3 2AH
17829,PE9 2SR
17834,NW9 9JR
17838,GL3 4QF
17842,CM20 2NR
17844,DH1 5BQ
17846,CM13 1JW
17851,HR7 4QS
17852,LS21 2BB
17853,DY3 1BP
17854,WV12 4BD
17858,CM4 0DJ
17860,UB2 5HF
17861,WV11 1RD
17863,EX14 2EG
17864,SS3 9LL
17865,NE29 8LF
17866,SM7 1AG
17867,KT18 7NQ
17871,BA11 2EF
17874,N22 5QJ
17875,NE61 1DN
17878,BN1 7GU
17880,GL20 8DF
17881,BS32 9BS
17885,AL10 8NL
17889,DN36 4NH
17894,CV31 1QH
17895,CV10 0BJ
17897,DA6 7AB
17898,CV34 6XR
17899,CV11 6AA
17901,DY6 7AD
17905,RG31 6XY
17909,PO21 5LH
17910,WA3 1DU
17913,NG3 4QP
17915,SL3 9EJ
17916,E2 6NW
17917,CM9 6AB
17918,PO12 2QP
17919,AL10 8AB
17920,PE10 9JE
17925,NG8 5GY
17926,LE12 8JU
17927,ME10 4DB
17928,M15 6HP
17930,TN23 3RX
17935,B63 3SL
17938,CH44 3HS
17939,B6 7SS
17941,OL9 6HR
17944,CB24 9LX
17945,SP1 1RD
17948,WS5 4PG
17949,SR3 2RE
17951,ME16 0TJ
17952,DA11 0JE
17954,CT20 3RB
17955,IP1 6SG
17957,BS23 4NP
17958,DN1 2HY
17959,SK8 7JY
17960,UB4 9LE
17961,AL8 6YR
17962,KT3 3TU
17965,NE21 4BQ
17966,NE9 6RZ
17970,KT2 5TY
17971,NG17 2DU
17973,KT3 6NU
17975,WD23 3PR
17976,SL1 7LZ
17978,PE13 2SE
17979,HD3 4GN
17982,WD23 4PA
17985,NN15 5DP
17986,PL7 1QN
17987,CM15 8RY
17989,SG19 3HD
17990,PE7 3BY
17993,DA3 8JZ
17994,BS21 6AH
17995,SK5 7HD
17996,SG18 8JB
17997,M11 2NA
18000,ST1 4AF
18004,NE9 6LE
18006,NE15 7PX
18012,KT19 9BH
18017,DE22 2LW
18020,WD3 1HG
18021,NG11 8HX
18022,L15 9EE
18023,KT6 5AS
18025,OX29 4AP
18028,WD25 0SS
18029,SK7 5JX
18030,CB1 3TD
18033,CO3 0QA
18034,TW7 6XF
18041,W6 7DG
18042,OX7 5DY
18044,AL4 0TT
18045,MK18 7HX
18046,TW7 5LJ
18048,DH3 2LP
18050,CO3 3LE
18051,CO11 2BW
18052,CO12 3TG
18058,SW2 3PW
18064,CT6 8NB
18065,LA9 4BT
18068,DA15 9NU
18069,SW2 3UP
18071,LE10 0EP
18072,LE9 9JL
18074,CM2 9DG
18075,WS10 0QY
18076,FY2 0AZ
18077,WS9 0BG
18078,CM6 2AU
18079,RG8 0RA
18083,PO21 1BG
18084,NG17 8HP
18085,TN6 2AS
18087,LE18 2DT
18088,SG12 9NX
18090,HX2 9PF
18091,B74 2NH
18095,SN7 8AH
18097,NW10 4EP
18100,SG6 2PT
18102,RG1 4JJ
18105,WA16 0EA
18106,LU7 3FU
18111,SN7 7HZ
18112,BL7 9LN
18121,BA14 9EH
18126,NE34 9RD
18132,DY10 1XA
18133,B66 3HH
18138,PO8 8RY
18140,BH9 3PE
18141,EX33 2BP
18142,AL1 2QA
18145,ME5 0LP
18146,TQ1 1TG
18147,RM18 7QB
18150,NW11 7BN
18152,PE7 1XB
18153,SR2 7JN
18159,DN35 0DN
18163,MK42 7PS
18168,NN11 4LJ
18176,LE5 3HH
18177,HU1 3BP
18179,CO15 6DZ
18182,BD9 6NA
18187,LE5 4PY
18188,M18 7DT
18196,AL1 3RQ
18198,CV13 0JT
18200,WN3 5NY
18205,DN6 9AS
18206,IP11 2HL
18209,NE3 3RU
18211,CM1 4ZB
18212,M33 5BP
18218,BA14 7GN
18219,WA15 0HE
18220,RG29 1NA
18221,B74 4RZ
18224,GU11 1QJ
18225,B42 2PY
18226,N16 5RP
18230,LE17 4EW
18233,NN17 2NU
18235,LE2 5TQ
18238,UB8 3BF
18247,CT17 0AS
18250,CT16 2PB
18251,BH7 6NZ
18252,DH7 0RD
18254,SS9 3TG
18257,PE16 6UU
18262,ME2 4UF
18265,LE2 3TA
18266,DT1 2HS
18269,DT2 8SA
18270,HG1 4AP
18272,SL3 7TS
18275,ME15 7ND
18277,WA7 1QU
18278,B3 1SJ
18281,EN3 7GB
18282,BS13 7DQ
18284,AL1 4LX
18286,B98 7HH
18289,NE11 0XP
18294,SY3 9EE
18298,BB1 2HT
18299,SE19 3HL
18300,B7 4AG
18301,SG1 1LA
18305,WN1 1RP
18307,ME15 9QL
18311,TN17 2PJ
18312,DN33 1AW
18314,CM15 9DA
18316,SO45 2QG
18318,SE18 4LH
18319,HU6 9BP
18323,IP27 0NJ
18324,BD5 0BE
18325,BD5 0BE
18327,NN17 1TD
18328,ST6 1JJ
18329,NE23 2SN
18332,BN3 7QA
18333,E14 9UB
18336,TW13 4AB
18337,SW11 6BF
18341,PE1 5LQ
18345,W2 2HR
18346,E1 4PW
18347,DE24 8BY
18350,PE19 2DX
18356,AL4 0XB
18357,RG21 4AL
18358,WD25 7HP
18372,HX1 2ES
18374,LS28 9HU
18379,SN1 3AH
18382,SW1E 5HJ
18383,SW1P 2DY
18384,DN3 2DA
18388,CH64 9NH
18391,LE6 0FP
18394,RM1 2RR
18397,S65 3BE
18401,BH2 6LD
18404,WF3 3PS
18407,NG7 6FL
18410,SL6 4PU
18413,LE16 7XQ
18416,RM16 6SA
18417,LE65 1HX
18419,HP23 5JD
18421,SG6 3QB
18427,EN7 5FB
18428,S10 3BT
18429,DL1 2NG
18430,OX3 9AX
18433,RG7 1ER
18434,UB3 2SE
18436,TQ2 7NU
18439,IP2 9LR
18440,WS2 9UA
18441,TA6 4QY
18445,LS16 6QB
18449,BH11 9JW
18451,DT5 2NA
18452,SG6 2JZ
18455,TN39 4ED
18457,BA2 2QL
18459,B7 5LB
18463,TN39 4HS
18465,PO19 7HA
18466,E15 1AJ
18472,B12 9ED
18473,NG20 0QN
18474,PO21 5EZ
18475,S5 8NH
18481,GL15 5DZ
18492,CT9 3RE
18494,CT11 7AJ
18495,PO13 0JN
18496,CT9 4DB
18497,MK2 3HQ
18498,MK6 3AZ
18506,BS7 0XZ
18507,SE9 5EQ
18512,BS24 9AX
18513,HA0 3NT
18514,HA3 5DY
18515,KT3 5AR
18517,TW2 5LH
18518,B94 6RA
18520,WA14 4AH
18522,BS48 2HN
18523,DN35 8DS
18525,LU4 0QP
18527,DT9 4EQ
18528,BN27 1DT
18529,BN25 4LX
18530,BN21 2XR
18532,SO15 2WZ
18533,LE67 4BR
18535,CT19 5JY
18536,NG17 7DH
18538,CW6 0BL
18540,AL8 7LW
18544,TW16 6LT
18546,NN1 2JW
18547,NN3 8HZ
18548,SM4 6DU
18552,OX16 9HY
18557,CO10 1NW
18558,WD25 9RH
18562,ME7 2LX
18565,IG1 1FY
18569,DL1 3ES
18571,SR3 2NQ
18574,LE8 5PR
18577,M18 7DT
18578,CM1 4UU
18583,CM23 2RL
18590,SE7 8HX
18592,ST6 7AB
18598,DL5 7DD
18602,TS3 0QS
18607,SR4 8PG
18608,OL8 1TJ
18611,LU6 3BU
18612,CO15 3SP
18618,AL1 5AR
18620,HD2 1JP
18621,SO45 2PA
18622,B19 2LF
18624,N22 8ES
18633,OX4 2UJ
18634,BS24 7DX
18636,MK6 3HW
18637,WS1 2ND
18638,SW6 4UN
18639,HA0 3EY
18641,HA0 4JE
18643,SE25 5BN
18644,UB3 4LQ
18647,DT3 5AN
18651,RH10 5AD
18652,UB3 2PD
18653,DE22 1JD
18654,SN8 4AX
18655,TN31 7NQ
18656,SO19 2EU
18658,LE6 0GE
18661,SN10 3AG
18663,AL8 7NL
18664,SR7 9QR
18675,CV10 0NA
18677,PR7 1LL
18688,BS5 7JU
18690,NG9 3GF
18695,DE23 1GG
18702,GL3 4JL
18706,HU6 8PP
18708,SW15 3DG
18709,SW18 5JU
18712,NW7 2EP
18713,DA14 4JN
18714,CR5 2XE
18717,E10 6EJ
18718,E4 7LT
18721,B16 9GD
18723,OL8 3PH
18725,WN4 9PQ
18728,S63 8AL
18732,WF4 5HE
18734,BS4 1QW
18735,BS14 9SN
18739,LU5 4QP
18740,MK6 3NP
18741,DT3 5AL
18742,DL5 4AX
18745,GU34 4EQ
18757,WA13 0RB
18768,CW9 8EZ
18771,GL18 1QF
18772,WD6 5LG
18776,PE21 8QX
18777,PE21 8DF
18779,PE21 9HB
18787,OX11 8AZ
18789,KT19 9SE
18790,TW18 1PF
18799,DE24 8WH
18803,PE23 5EW
18806,NP16 7DT
18807,L15 6XZ
18809,BS16 4HA
18814,PE31 6LR
18816,NR22 6DU
18819,E15 1JW
18825,LN13 9RE
18832,BH6 5JS
18834,OX20 1LP
18836,NG13 0AX
18838,LE67 4UW
18840,SL5 9QY
18842,TW10 7HN
18848,DN15 9QD
18850,LE65 1DT
18852,BB4 7BJ
18854,NG9 3GD
18857,NN11 2JZ
18859,SE22 8HG
18865,S10 3DQ
18867,L17 6AB
18868,BL1 8QA
18874,NN4 8BU
18876,BH8 9PU
18877,TQ3 3WA
18879,SS15 5NX
18880,DN32 7BE
18884,GL13 9RS
18889,SL6 2QB
18891,GL20 7DG
18894,BA14 0DJ
18899,DN31 2ES
18901,LS11 6AA
18903,TN39 4BY
18905,OX5 2NT
18911,SO15 5XE
18912,BS3 5NR
18918,SO15 5XE
18925,PE37 7DZ
18926,SP10 2PS
18933,CR6 9YB
18937,NN2 7HR
18942,B20 2HL
18946,WF9 4LJ
18952,WF8 4AA
18955,WF2 6EQ
18957,NN3 3NQ
18958,NN3 5DY
18960,NN3 8NN
18961,NN3 3HH
18966,SE16 4UN
18976,CT12 6QY
18977,LS11 0HU
18985,UB4 9LF
18987,BS31 2DY
18992,CB24 1AA
19007,DN32 7JX
19016,B98 0UB
19021,SR6 8ED
19023,TS10 4AB
19026,CH63 7LF
19029,LE11 3GE
19032,BH11 9JJ
19034,NN4 6BU
19038,BD8 9HZ
19041,BS13 0RL
19047,LN11 0HG
19048,M9 5XR
19049,MK6 5EA
19052,NN17 2JH
19053,NN3 3QF
19054,NG22 9TD
19055,NG17 1EE
19058,RG30 2TD
19059,BS34 8SF
19060,ST4 5JJ
19062,ST6 2BP
19063,WA2 0LN
19066,WF12 7DW
19071,RG14 2RA
19072,PE1 5LQ
19085,TW8 0PG
19086,ME16 0PG
19091,SY12 0EA
19098,BN14 7AR
19100,NN3 8JJ
19106,HU7 4WR
19109,TW1 4LT
19110,TW1 4LT
19111,NE34 8AB
19113,B19 3QY
19115,B15 2HU
19116,B33 0XG
19117,BB8 8JF
19118,B32 1PJ
19125,WV8 1RT
19127,PE21 9PF
19130,CH48 8GG
19131,OX3 7QH
19133,M21 7SL
19137,WA5 3AA
19138,CO9 3QH
19139,SG5 1JB
19140,PL15 9JR
19142,NN13 6FB
19143,AL1 2LE
19144,MK41 8PX
19145,MK43 9NH
19149,GL15 5AU
19154,ST13 8DN
19155,B11 4EA
19158,N17 0HH
19161,CM7 5XP
19162,PE21 6JY
19164,HX3 0HG
19166,SR2 0SX
19167,B97 5AQ
19172,GU2 4LU
19177,SL2 5FF
19178,WV10 0LH
19181,PE38 9LL
19182,BS48 2NP
19183,SN5 8DR
19187,DA17 5HP
19188,B25 8FD
19192,W6 9RU
19203,W1B 1LS
19204,N17 9EJ
19208,CO9 2HR
19211,CT11 0ZZ
19214,BH15 4BQ
19215,E17 4LS
19218,PE21 7NL
19219,SO16 5NA
19222,RG1 5RQ
19224,HX1 4RG
19225,CM17 9LR
19226,PE15 9PX
19228,WV3 0PR
19236,LS15 8TA
19238,B61 7DH
19239,LE11 4ZH
19241,PL6 7ER
19246,SK15 3RR
19250,OX16 9JW
19253,UB7 7QJ
19255,PE11 2XH
19258,RM1 4YY
19261,CT19 6QH
19267,NG31 7US
19269,TS15 9ET
19270,HA9 8NA
19273,TA1 1XU
19277,DL5 6UN
19280,SL2 5BA
19284,GL11 4NZ
19291,BS16 6XA
19294,BS35 1HT
19308,N22 5HN
19309,N17 8HR
19310,SW6 6SN
19311,SW6 6BP
19313,HP9 1SJ
19314,WA8 7TD
19315,W9 1RB
19321,CH2 3NG
19323,CW9 7JL
19325,SN8 3TP
19335,TS19 8WF
19337,EX1 3EG
19346,NR32 4AH
19348,TS24 8NQ
19350,CB23 6FR
19352,N11 1NP
19355,SL6 6TG
19356,W1H 5AU
19361,DN37 9AT
19370,PL1 4RL
19372,HP21 8PB
19373,WS2 8NF
19382,M15 6JU
19384,BH8 9PU
19386,MK7 7BW
19391,M23 2YS
19408,BD8 7DX
19416,HU7 5DS
19418,CB9 7QZ
19424,TS19 9AD
19426,DA7 4HL
19428,M8 5DJ
19439,HU7 4RL
19443,HU7 5DD
19446,MK41 9DQ
19447,MK40 4HN
19453,MK41 9AT
19455,GL56 9BY
19456,HU7 6AH
19457,B15 2AF
19458,OX28 5JZ
19459,OX4 3DR
19465,SS6 9BZ
19467,TF3 1FA
19469,SR2 7HJ
19472,SW6 2LL
19482,NN8 3QA
19484,EX34 9JB
19491,DA14 5BU
19493,DE24 3AR
19498,HU5 5EB
19500,NR21 9QT
19504,CM19 4LU
19505,RM17 5LL
19510,NN16 0PL
19511,SE16 2BT
19512,L1 0BS
19513,L1 0BS
19514,ST6 1JJ
19518,BH1 3NL
19520,M4 6EY
19534,LU4 0LL
19538,N22 7ST
19543,NG34 7AT
19545,LN6 7SX
19546,LE2 5TP
19549,LN6 0SH
19550,HU7 4PW
19551,HU7 4PW
19552,SY11 1DT
19556,PE19 6AW
19564,LS6 2LG
19565,DY11 7FB
19566,DN35 9NF
19568,OL9 6HY
19571,TS23 3DX
19574,SE1 7HS
19577,WD18 9BL
19578,MK18 3GH
19581,TQ2 7FT
19583,BS34 8SF
19585,SE14 5SF
19586,TS18 4LE
19590,SE20 7QR
19597,L18 8BG
19600,TN31 7NQ
19603,BH8 0LT
19604,GL2 2FX
19606,S1 4QF
19607,TN4 8FA
19610,LS9 7AX
19612,E20 1BD
19616,ST7 4DL
19619,BH17 8RE
19620,PO6 4QP
19621,PO5 4LS
19623,TA6 6JB
19633,RG30 4BZ
19635,M11 3BS
19643,B14 5TL
19644,LE2 5WP
19645,PL14 6BS
19650,TR4 9NH
19655,OX11 7GB
19661,NE24 5TQ
19662,NN10 0HH
19663,TR16 6ND
19671,TF4 3JS
19675,OX11 8BA
19680,SW17 7BS
19683,OX1 4HT
19688,WS1 1RL
19691,BB11 1RA
19692,EC1V 1JX
19696,MK43 9LY
19700,IP2 9LQ
19701,NR33 9RR
19713,EX1 2SN
19715,W12 7PT
19717,ME15 6QN
19718,TS5 7JY
19719,W10 4LB
19720,B97 5JH
19723,BS1 5TS
19726,M12 6EL
19729,N1C 4PF
19732,WA3 7PT
19733,B20 3DP
19734,SW17 0AQ
19742,HU4 6DT
19745,RG41 5NE
19753,MK5 8DN
19764,DY8 1JX
19766,LE7 7RZ
19768,S61 1PD
19777,LN11 0TN
19778,HU5 3RG
19789,SL2 4QP
19790,SW1V 3AT
19791,RG41 3DR
19800,UB4 8JP
19812,HU6 9TA
19814,BB3 1AF
19816,UB4 0LT
19820,PE3 7ER
19821,TS10 5LY
19826,CV12 9EA
19828,RG7 5DA
19829,ME3 9HR
19835,SO19 6AA
19836,KT15 1TE
19841,CW1 4EB
19845,NN18 9NS
19847,TS19 0SE
19853,SE20 8RH
19857,SL6 3LE
19858,RG4 8BH
19861,BD16 1EE
19863,BD16 1EE
19865,SN10 4HY
19866,DN40 1LD
19870,OX4 6RQ
19873,NN10 8LF
19876,RM20 3HR
19878,GU21 4TJ
19880,BD8 7ND
19886,L32 9PP
19887,NE24 4JP
19890,BH10 4HT
19892,GL4 0RT
19899,CM20 1PU
19911,IP2 8PL
19912,NR5 9AP
19914,NE10 9UZ
19916,SG1 3BE
19921,PE1 4TR
19922,CB9 0BW
19930,M18 7NY
19933,OL12 9RD
19947,PO14 1JJ
19950,TS20 1BZ
19954,BD16 1LJ
19957,BA2 5RF
19959,NE7 7PE
19965,BR2 9NL
19967,GU21 8WT
19969,TQ1 4DN
19979,LE10 2QE
19981,PO19 8EB
19983,ST7 2HR
19998,ST15 8DT
20001,DY1 3BY
20006,M34 5SF
20007,W8 7AF
20008,B95 5FT
20010,M20 4SR
20020,DY2 7PW
20027,CW3 9JJ
20030,B35 7JA
20031,WV10 0JR
20047,GU35 0ER
20049,HU6 7UR
20051,ME5 8NN
20057,NN8 4NT
20061,CV9 1LT
20062,PO20 3UE
20067,BD9 6RB
20070,MK18 7RR
20072,SE25 4QL
20074,PO7 3BE
20075,W10 6EX
20076,W14 8PU
20077,PE10 0WP
20079,BS24 8ES
20080,OX3 8DD
20083,TA6 4FU
20086,BA14 6GD
20087,SP9 7FP
20090,W6 9RU
20095,PL14 4TB
20098,HA8 8JP
20100,AL10 8AX
20102,S74 0DJ
20105,HU8 9RW
20106,HU9 3LD
20114,S65 4BJ
20116,GU19 5JY
20121,WR4 9JL
20125,CB2 0SZ
20126,BS5 9RH
20127,BS3 5JL
20131,W6 9RU
20132,HU7 3JQ
20133,LU6 1DW
20144,ST4 4NP
20146,SN5 5DP
20149,B60 3NL
20154,ST3 2QN
20160,ST3 2NJ
20165,B98 0GD
20171,LE19 4LH
20177,TN23 3PA
20179,DL17 8QY
20180,PO4 8GT
20181,HX2 0BA
20196,OX33 1NN
20200,GU15 4DR
20209,BD3 8QQ
20211,TW13 7EF
20218,NG8 3GP
20220,CV22 6EA
20230,ST18 0FL
20234,BN9 9FD
20236,UB10 0FW
20237,OL8 3PT
20241,ME12 3UD
20242,S9 3TY
20243,CR0 4FE
20244,CO4 5QJ
20251,B98 0HF
20252,E17 8LG
20259,L36 6DG
20262,S13 8SS
20264,SK3 9EA
20267,SN25 2QS
20269,SW18 4EQ
20271,PL6 5FN
20272,E15 2GW
20277,ME6 5GR
20278,ME19 4AL
20282,NN3 8EZ
20283,HU7 4JH
20298,WF8 1HG
20300,BA20 1AY
20304,S60 2UH
20324,S9 5DL
20326,CB6 2FG
20330,NG1 1GD
20339,PE11 3WT
20341,BL1 6JS
20344,TS8 0RJ
20351,NN3 6DG
20352,GL20 8AR
20355,PL15 9AE
20376,PE19 5BP
20378,ME16 0JP
20382,TS8 9SJ
20383,OL9 6DE
20387,S6 5HG
20388,NG8 4PD
20392,S62 7GA
20403,LS10 1HW
20404,BD9 4JB
20406,BD9 4BQ
20407,CM20 3EZ
20408,NR33 0RZ
20412,PL17 7EF
20415,OX14 1JB
20420,DN5 7SB
20421,WV3 8HU
20430,TN4 9PG
20436,NW7 1JF
20437,S75 5AD
20439,PO3 6RB
20440,ME2 3HQ
20441,ME2 3HQ
20448,W6 9RU
20454,SP1 2JJ
20457,PO1 4JZ
20459,DN16 3AW
20464,TA4 4SW
20466,ST1 6LG
20479,S66 1JL
20484,RH10 3SW
20488,HA7 4RE
20494,PE30 1QA
20495,CW7 2LZ
20499,CB8 0EB
20501,UB3 1PG
20505,TR26 2BB
20507,BA2 5RF
20508,SL8 5BW
20509,BN9 9JL
20516,N1C 4BT
20518,OX11 6DP
20519,PO4 8ET
20521,M19 2HT
20522,PL5 3AG
20526,PO3 5XT
20536,AL5 5PU
20537,AL5 5PU
20542,BN13 1JX
20547,TW13 4QP
20548,PO2 7BJ
20555,PL4 9BE
20561,SO31 7NL
20563,MK10 9EN
20566,PL6 5HN
20567,M15 4FL
20570,TR14 0QN
20572,TQ1 4NZ
20584,DT4 0RH
20586,DT6 3TR
20588,FY4 4PH
20593,PL1 4DJ
20595,EX8 1TA
20598,TS6 6TA
20600,DT1 2DD
20608,TS6 7AD
20609,BH19 1QE
20611,TR14 7DW
20615,CM23 5NJ
20618,GL1 4QF
20619,TR14 9ED
20620,SK10 2EE
20625,NW9 7LY
20626,GL54 5PZ
20627,WV6 0BY
20635,NW8 0NW
20636,W10 6TT
20641,NG19 7BB
20642,WA16 0EA
20645,DN5 8AF
20650,IP4 4JD
20662,PL23 1HE
20664,PL14 6HZ
20668,DE22 3HH
20673,HU5 2QR
20677,PE31 7LT
20687,HA9 0UU
20689,WA8 7HU
20690,DN3 3QF
20698,CT9 4BU
20699,CT1 3EN
20700,OX33 1QH
20704,BB2 6TD
20707,OX16 9HY
20708,IP2 8NU
20710,B31 4RD
20713,HP9 1RR
20716,CH65 5EW
20721,HU4 7EB
20727,SE11 4AX
20728,LE14 2AF
20736,PE4 5DT
20740,TF11 8PD
20742,SR6 7RP
20744,SR2 0RT
20749,BR3 3SJ
20750,N17 9LN
20753,RM16 6SA
20754,SW1H 9LH
20757,TR4 9NH
20758,BA2 5RF
20759,RM10 7FN
20760,NN2 6JW
20762,TS17 0FA
20763,LN2 1PF
20768,WD18 8AD
20770,CV1 4FS
20774,RM9 6XW
20776,DN4 5NG
20777,NE5 2SZ
20778,SW2 1QS
20780,N17 0BX
20781,IP33 1YB
20784,SN1 5ET
20785,BL3 3HH
20788,NE1 3BT
20790,S74 9HX
20793,CM14 4JF
20794,OX29 7SQ
20796,SW11 5AP
20797,DA1 5TF
20801,DN40 1JS
20802,NG16 3EA
20803,S65 4JG
20814,WD24 4PT
20819,SL1 1YG
20820,NG5 1EB
20822,LE17 4EW
20823,TS6 9AG
20834,E8 3AZ
20839,WR4 9FQ
20840,UB4 8JP
20841,RH6 9NS
20843,RH10 9TP
20845,BS24 8EE
20846,LA14 3JT
20855,OX26 4YJ
20858,HA2 9AG
20862,B97 5RR
20868,B98 7HA
20870,B61 7LH
20879,L9 9AF
20881,HU4 6LQ
20884,BL6 6JW
20885,E16 2TX
20886,TN2 4PY
20887,NR4 6FF
20898,CV2 2TB
20900,LA13 0NY
20901,M4 5AW
20904,OX11 6BZ
20906,DA7 6EQ
20914,RG23 8AA
20917,B6 4EA
20920,N1 9PN
20921,CH46 1RB
20922,FY3 7LS
20924,W14 9LY
20926,BH19 1PE
20928,LS12 6DQ
20933,WF1 4QY
20941,SR4 0HB
20944,TN11 9NG
20951,SE28 8AT
20952,NW3 4QP
20953,BB2 6DF
20954,LN4 4PN
20955,BL8 1SB
20957,WR15 8XA
20963,PO4 0DL
20964,SY13 2BY
20965,PE30 2QB
20966,RM6 6SB
20967,BD23 1UQ
20969,PO19 8BN
20972,NE40 3AH
20974,RG22 5TH
20982,M19 1FS
20983,GU1 4DT
20986,GU2 8DU
20988,L36 8DB
20993,CR9 3AS
20997,SS16 5BA
20999,CT16 2QB
21002,LE4 9DL
21009,PE33 0EL
21010,PE33 0RN
21012,OX3 9NU
21015,IP16 4BG
21018,CV35 8TP
21019,WV11 3ES
21020,DY10 4EX
21022,OL9 0BN
21030,TA11 6LY
21031,FY3 7EQ
21035,TN38 9PB
21038,M16 8GW
21043,NR4 6PP
21059,TQ13 8NA
21060,TQ6 0QA
21062,FY3 7FG
21064,WF10 1PN
21065,BR5 2GA
21069,RG10 9UX
21074,PE7 8BF
21075,TS19 8DE
21083,SE9 2PT
21085,SE18 6PF
21086,BD7 2JX
21090,BB3 0AL
21091,PL33 9AL
21094,DY6 8QG
21102,NG11 8JW
21107,BS35 3LA
21109,WV5 8BJ
21120,S64 9SD
21129,NG5 9PJ
21133,TF9 1QU
21135,TS19 0QH
21137,IP1 6QD
21138,IP1 6QD
21142,BH23 3AU
21143,CM18 7RQ
21147,TS19 0JD
21152,PE20 1JS
21155,BN9 0DF
21156,NR12 9DG
21162,OL9 6BH
21165,ST6 6ED
21167,IP2 9HW
21178,GU2 7SD
21191,OX12 9RY
21192,NG19 6AA
21208,TN34 3JT
21212,HX2 8JY
21219,HR4 9NG
21224,WS12 4RT
21229,SS8 7FH
21230,CA14 4EB
21231,CB3 0QZ
21237,EX5 7EE
21238,TQ12 6NQ
21241,LS16 5QR
21246,BH21 4DT
21253,GU1 1DR
21261,S80 1AW
21274,IP16 4JQ
21278,WS10 0JS
21279,UB3 2SE
21283,BB2 7AD
21297,DA11 9PL
21299,LN9 6DA
21318,BD3 9BE
21322,HX6 4DH
21328,SW6 3ED
21329,BS32 8TA
21331,CH45 8RE
21334,CA3 9DW
21335,TQ6 0BJ
21337,SS7 3PT
21354,WN2 3HY
21360,HU9 5TE
21361,ME15 6TL
21363,BS4 5EY
21368,CO11 1LS
21370,TN29 9HW
21371,NR4 6BP
21373,PE37 7EA
21374,BS30 8TS
21377,B9 5RX
21378,B45 8TD
21380,BH1 4NB
21384,EX31 3TD
21390,LE10 1LE
21391,RM9 5QT
21395,HD7 6EP
21396,WF15 6HU
21400,PO2 8QH
21402,L21 0DB
21404,GL2 2FX
21407,TF4 2SG
21408,ST7 1DP
21409,SE5 0NA
21427,HU9 5HY
21434,OX3 0PG
21435,PO2 0UR
21437,S25 2NZ
21442,DT6 3DT
21443,NR33 9NU
21444,E2 8QA
21450,WN1 3HD
21453,TQ12 2QA
21455,NW6 7UJ
21456,B10 0HJ
21459,BH17 8AP
21461,PE14 7NG
21462,OL7 0BJ
21474,S25 2RE
21475,DN35 7HT
21492,SK11 8PB
21496,DT11 0JE
21497,LS27 8PG
21502,WV10 8BL
21504,M23 2YS
21505,DT2 8FZ
21507,SW18 5JR
21509,SP7 8PZ
21512,B70 8DJ
21515,GL7 3LA
21518,IP4 2LT
21519,B45 9BN
21522,CV11 5TY
21524,WV14 8BS
21528,BH21 7AB
21535,CV10 7EX
21539,OX28 3FR
21543,SL4 5EH
21552,S61 2BD
21557,WV14 9UQ
21558,N17 0SL
21561,KT2 5PE
21565,FY4 5LY
21569,TN23 5DA
21572,PO2 9RJ
21574,RM16 2ST
21575,WF6 1EY
21577,YO8 8GE
21578,TN23 4QE
21579,LS15 0NW
21580,M13 0LF
21581,RG1 5RQ
21582,L36 5SE
21586,SN12 6YH
21593,S61 4RB
21596,BD19 3AE
21598,BR6 9JT
21605,YO26 6JT
21611,SN12 8EQ
21612,NN4 0PH
21616,E13 8DW
21621,TS9 5AL
21626,CV23 0PD
21629,CV4 9WT
21630,LS11 8PG
21632,NG2 1DP
21633,B7 4AA
21634,CM15 9DA
21635,CB2 9FD
21637,PE28 4XG
21638,CO4 6AL
21643,KT2 6EX
21647,SP2 7HR
21654,PR1 4BD
21658,DA15 9DA
21662,WA7 2JJ
21664,NN18 0QF
21666,NR32 4JF
21668,SR3 4EN
21674,CV2 2AJ
21678,DH9 0HQ
21679,SR8 5RL
21687,BS16 9LH
21689,M50 2UW
21691,TW9 2RE
21694,ST5 9JU
21700,CV22 7DJ
21702,OX26 2NS
21703,IP28 8XQ
21704,CO10 1NL
21706,WN2 1BP
21707,BL3 1BT
21708,BD9 6ND
21712,CB1 8NN
21715,PL18 9EN
21716,CV2 2LH
21718,SK13 8DR
21725,RM3 9YA
21726,EN8 0JU
21730,LS27 0LZ
21732,NR3 4BX
21733,NR1 2PL
21734,YO14 0HG
21741,HP8 4AD
21743,B31 2LQ
21744,RG30 4ED
21748,SO15 4PF
21749,SS2 4BU
21751,BS30 8XQ
21753,ME4 4FQ
21754,RH5 4QW
21756,TF1 2NP
21757,WV6 0UB
21763,WS14 9DE
21771,OX2 9JE
21779,NN15 5FJ
21784,BA4 4FZ
21788,WV2 4NP
21789,TQ13 7EW
21790,BA3 3NQ
21791,TW14 9PE
21792,BS31 1PH
21793,L13 1FB
21794,DE24 8PU
21795,DN15 6TA
21799,DN21 1PB
21801,S26 2AL
21808,BN25 4BA
21812,HU8 0JD
21813,TN38 9JU
21814,OX29 6SS
21815,WV16 5JD
21818,DA12 2SY
21825,TN21 0BT
21828,RG5 4RF
21829,BH20 4PG
21830,DN21 1PU
21831,ST9 0BX
21832,ST14 8RS
21839,RG2 9GB
21841,EX15 1HU
21844,ME17 3FX
21849,ST17 9AB
21852,CA13 0DX
21854,HG1 3BA
21865,ST15 8YG
21870,CV2 1EQ
21880,CR0 2EW
21886,BL1 8SN
21891,CW2 5DH
21892,TR20 8UH
21893,PL23 1HH
21896,TR5 0LZ
21900,CR0 2AQ
21902,LA13 0LH
21903,LA13 9BY
21907,CM17 9LW
21909,E8 1AS
21919,M20 6RL
21920,ME8 6AA
21927,TS10 1PJ
21929,SK17 0JP
21932,ST5 3DN
21935,TS17 9DE
21937,IP8 3SU
21938,GU21 5RF
21950,BL3 1BT
21953,BR3 3AL
21959,CA13 9HF
21961,LN9 5EJ
21966,WS12 1DH
21968,RH8 0AB
21970,WV4 4NT
21973,S75 3DH
21974,SN5 4GT
21979,BA20 1AY
21980,BA21 5FH
21982,HA9 9LY
21983,WF17 5JB
21987,RM13 8EU
21989,W1U 2QU
21990,B33 9BF
21991,CV1 4BU
21995,M21 7HH
22006,BH8 8LU
22012,M20 3FN
22014,OX28 5JW
22017,TS1 4NP
22020,TS8 0TE
22024,ME12 3QU
22026,TS4 2NT
22034,TS4 3JW
22039,MK42 7EB
22043,HU9 4EE
22044,LN11 7PN
22045,ME8 6JS
22046,ME2 3NL
22049,PE3 8EZ
22053,LE15 7BA
22055,BR3 1RF
22058,WF17 0BJ
22059,WC1B 3DN
22060,OX16 0UZ
22063,OL9 6AQ
22078,WF9 5BP
22085,M23 2YH
22088,HU3 1TB
22092,TR19 7JU
22097,OX28 6NB
22102,SE12 0SJ
22114,CW2 7NQ
22116,NN1 1AA
22118,TS3 8RD
22129,TS3 8RD
22133,S81 7LU
22135,SK8 4QX
22137,TS3 8RD
22141,ST17 9DJ
22147,N14 6RA
22153,EX39 3AR
22154,B98 9LR
22155,S5 0GG
22156,B98 9LR
22165,L36 2LL
22170,PE29 1TQ
22181,ME7 4DD
22188,RG12 7BA
22199,NR20 3HN
22200,BD10 9AQ
22204,WV12 4QZ
22206,EX2 4NQ
22207,IP7 5BH
22214,LS10 1LA
22215,S9 3TU
22216,SL1 6LZ
22226,NW2 7BZ
22235,YO23 1BS
22236,SG19 3LE
22241,OX18 3PL
22242,YO23 1WF
22247,W7 2BB
22262,LU3 1RJ
22266,LE18 2FR
22291,BL2 5DX
22292,NW10 5YT
22294,TF3 1FA
22300,ST13 6EU
22308,BL2 5DX
22312,DA14 4PX
22316,EN4 0BL
22317,OX26 3UU
22323,TS23 1LJ
22325,TS23 3NN
22328,TS22 5LU
22330,DE55 1AE
22331,NN2 7BH
22335,BL3 6HU
22336,NN3 6HT
22344,ST13 8NP
22346,S80 2LJ
22347,BL1 6JT
22350,BD4 6NR
22354,WV12 4BU
22358,NR35 1AY
22361,OL9 6JN
22365,W6 9AR
22366,LE11 3EB
22368,TW13 7EF
22380,PE13 2FP
22390,PL15 7HX
22391,EX4 8NN
22392,NR33 0DG
22399,TN28 8BP
22402,TA24 5NY
22403,IP14 1SZ
22404,RG17 0AN
22405,WV10 9TR
22406,BD3 0HW
22407,BD6 3PX
22411,NW10 8LW
22414,PL4 0AT
22415,BD3 0QT
22420,DN37 9EN
22421,PE31 7EJ
22428,PL2 3HN
22441,OX26 2NS
22443,PR1 4BX
22444,NN4 0JQ
22445,NR1 1DJ
22449,E14 3BA
22451,SR5 1SU
22452,NR31 0DN
22453,YO11 2JW
22455,EX5 3JG
22456,UB3 1DH
22457,B11 4EA
22459,CW1 2PZ
22460,L1 9HF
22461,M23 2YS
22462,DL5 6AP
22463,RM6 4XT
22464,BR3 3BE
22465,BL1 8HT
22466,WA2 7NG
22467,B37 5FD
22468,PE1 4DZ
22470,HA1 2DJ
22471,SW2 1QS
22473,MK8 1AG
22481,NG1 7AR
22482,NG5 1DX
22484,PE19 1EA
22486,DN12 4DX
22498,BD22 9LH
22500,BD22 7HX
22513,DL2 2LL
22523,BH15 1QB
22524,BH14 9HL
22526,BH14 8UL
22532,WV8 1PB
22535,ST16 1NR
22539,ST17 0LJ
22551,SM5 4NS
22558,BA2 4JG
22567,NN15 7EA
22577,B70 6QT
22579,B23 6UT
22581,OX1 2AR
22593,M6 8RD
22597,TS16 0LA
22601,PL7 2DE
22607,CT17 0FS
22615,N2 0SQ
22623,B11 3ND
22624,B35 6BS
22630,BR1 2RL
22633,BS22 7PU
22635,E8 3NR
22637,CV4 8JB
22640,BA2 2UN
22643,CB6 1BD
22644,BD22 7DU
22647,CA6 5UG
22650,BN27 1ND
22651,BN9 9UT
22656,SS14 2TP
22658,SS15 5NQ
22659,W12 0RQ
22664,MK14 6BN
22665,NR17 1RH
22667,BS22 8XX
22668,YO8 9QS
22671,S64 8JW
22672,SY10 7BD
22679,WV6 0UA
22693,TR20 8TP
22695,PL27 7UD
22698,TR7 2SR
22703,CV6 5TY
22719,EX4 1JT
22726,N11 2HL
22730,SS14 2EX
22735,SE10 0BG
22737,SW6 1JU
22741,N7 0EQ
22745,HU5 4QH
22747,HU5 1JJ
22748,HU8 0SL
22749,HU3 3PL
22764,LE4 2GZ
22765,LE4 0SZ
22780,MK46 5DZ
22787,NE3 2EL
22795,NR7 0XS
22798,DN35 8LW
22801,BS20 6DY
22803,BS20 6DY
22804,HG2 7DJ
22808,NE46 3JB
22809,NE46 1BU
22822,PL6 6QS
22823,PL6 8UL
22827,PL2 2EL
22846,SS3 9FE
22847,SS3 9XX
22856,ST13 6EU
22871,KT16 8ET
22873,KT16 9LU
22879,GU2 8YD
22885,E3 4FT
22896,SL4 3LL
22902,YO30 6JE
22906,CB6 2SH
22910,EN11 9PP
22911,SM5 1SW
22913,B24 8RE
22918,TW12 3HB
22919,TW2 6JW
22921,SS14 1GJ
22926,RM13 9XD
22928,S70 5HJ
22929,DA7 4DG
22932,B44 8NU
22933,B29 5QB
22935,B30 1UL
22939,TR14 8PG
22940,TR16 6RB
22942,TR14 7GA
22944,DL3 9HE
22963,PL7 1UB
22967,BH11 9UN
22970,S63 6PY
22978,SN10 5AA
22979,SN12 7GN
22990,DL3 6AR
22992,DN12 4HZ
22996,TS4 3JS
22997,PE36 5HY
23000,DL8 3RQ
23001,DH4 6HL
23004,W1B 1QR
23006,SR2 7JA
23007,BD9 6RY
23013,PO38 1BQ
23018,WV15 6JT
23023,PO19 1DQ
23024,CH45 3LN
23029,BA2 4JG
23035,BD8 7PL
23037,BD9 5DF
23041,BD8 8HT
23050,DH9 6PZ
23051,DH9 7EZ
23055,CO7 7ET
23058,SE18 5JE
23060,SE18 7PX
23063,SE9 1XP
23066,WD18 0DD
23070,LE4 1BE
23072,LE9 6WX
23075,TS9 5EW
23077,PL4 8QZ
23079,IG1 2WS
23080,TS12 2XR
23081,TS13 4AD
23088,GU10 2AE
23090,E1 2JP
23093,CV37 6UZ
23103,AL5 4EN
23104,PL17 7DR
23105,HX3 6PU
23109,NN17 5EB
23111,MK44 3JU
23113,BL4 0DH
23114,BL6 7RU
23115,SE20 8BW
23116,PE26 1AD
23119,TR2 5BP
23128,TN30 6RA
23130,TN30 6RA
23133,HD8 9JX
23135,LE10 0ZD
23142,SL2 5QR
23144,SL2 3AA
23148,CR3 5YX
23151,WF4 5DW
23155,CH4 7AE
23158,NR31 0ER
23160,PL9 9HD
23162,PO6 2RY
23167,SE13 7FY
23178,DE24 0BR
23179,YO25 5HR
23181,EN8 0LU
23182,LE2 6FU
23186,CB8 0PU
23188,YO10 5BW
23189,YO30 6ZS
23200,DN2 4PY
23201,RM2 6HJ
23207,E16 2DP
23213,OX14 1RF
23214,PL1 4NJ
23216,B36 0UE
23220,WS7 2DB
23222,RH4 1LY
23223,KT22 7NZ
23224,RH1 4AD
23227,S73 8FE
23228,B12 0YN
23233,SE7 8LJ
23234,ST6 1JJ
23235,HR1 1LU
23243,DN2 5QD
23251,RM12 4AJ
23252,TQ9 5JT
23257,ST14 7QL
23276,RH10 5EA
23278,PE16 6EZ
23283,TR13 8NR
23284,OX49 5RB
23288,NR6 7HL
23291,BS21 7SX
23296,TR13 9BX
23302,ST14 8DU
23304,TR13 0PX
23312,PO12 3BU
23313,CT10 2RL
23325,RG20 8HZ
23326,IG11 8AS
23329,BS31 1PQ
23346,DE11 0QA
23348,EX4 2FB
23350,TQ7 3NB
23357,RM1 4EH
23358,DA9 9EF
23360,DA1 2NT
23361,L35 3TX
23375,ME8 7DX
23378,ME8 8ET
23379,TS3 8PW
23380,MK10 9LA
23396,OX18 3HP
23398,OX15 6QJ
23399,PL1 5BQ
23402,PO6 1QY
23404,PO1 1JE
23409,SY3 6DZ
23410,IP15 5EU
23418,NE37 1NL
23420,NE38 7AR
23422,DH5 0AH
23428,E14 7AD
23431,E17 9HJ
23433,PO22 0EN
23435,SL6 4PX
23447,NE6 3XW
23449,NE6 4NU
23450,NE6 3QP
23451,NE6 4SD
23454,CB9 8NJ
23456,WV10 8BY
23457,RM9 6TD
23460,BS31 1PQ
23462,PE29 7LA
23464,PL14 3EA
23469,CM1 2JH
23471,B33 9UF
23472,HU6 7RU
23490,L35 6NY
23506,DN12 1BN
23513,DN12 1HH
23514,DN37 9PH
23515,DY11 5PQ
23524,PL2 2EN
23527,SP1 1RE
23530,S43 4QG
23531,EX13 5EA
23532,NN16 9SE
23541,BL8 3AX
23552,ME7 2JG
23560,SY8 1GJ
23563,NR35 1HA
23564,IP19 8BU
23567,SR4 0LS
23574,NG2 4QF
23575,OL12 6HY
23580,GL4 6AP
23585,S5 0JF
23590,NG5 9AZ
23591,PE11 2EJ
23597,M11 3DS
23599,DL12 8HH
23600,CT14 9BD
23604,SL1 3HS
23606,KT12 5PY
23608,BN8 5RB
23612,BS5 9JH
23613,SP1 2SR
23617,PL30 3ER
23621,E16 2AW
23626,CB23 6DZ
23629,TS23 2RG
23631,MK42 0GS
23637,BH12 3DT
23639,NE15 8JL
23642,NR24 2HH
23662,RG12 8EB
23664,SK16 5BL
23667,RG12 8YR
23668,CM19 4QX
23669,BS3 4DP
23675,NE49 9BA
23676,NE49 9DP
23679,MK2 3HU
23680,WA4 6RD
23682,HA0 3NT
23684,WA5 1SB
23685,WA4 1JL
23686,LS14 6NU
23687,CM19 5NJ
23697,PL1 5PA
23705,WV14 0LN
23708,CT19 4PN
23709,ME12 2ET
23710,DA9 9RF
23711,BN27 2FB
23715,B78 2LF
23719,N5 2EQ
23720,SE27 9RD
23722,SW2 3PW
23724,SW4 8LD
23726,SE16 3LA
23727,SE1 5JT
23728,E3 4BU
23729,E1 4SD
23731,N12 0QU
23732,DA16 1LS
23739,EN2 0SX
23740,EN3 6TW
23741,N17 0PG
23746,RM14 3UX
23753,E16 4DD
23757,SM5 2SG
23758,SM5 3DW
23759,B19 2EJ
23761,B75 7DY
23764,B21 9ET
23774,DY5 2NU
23776,DY2 0PB
23777,DY1 3JE
23788,PR9 9TF
23789,CH63 8QE
23790,CH63 8LD
23792,CH62 5EF
23794,BL4 9RU
23795,BL2 3BP
23797,OL9 0BN
23800,OL12 0ET
23805,M27 0BH
23807,OL7 9NA
23810,M32 8JB
23811,M33 3JR
23814,WN7 2LU
23818,S61 3HL
23827,BD3 0AB
23831,BD20 0BB
23835,BD16 2RS
23838,HX3 9LG
23839,HX6 2NW
23842,LS26 8EX
23850,NE13 6EJ
23851,NE34 6DL
23853,NE38 7HQ
23854,SR2 7NA
23855,NE37 2AA
23864,BS23 1UY
23865,BS22 6DH
23876,RG2 8EP
23879,RG31 4SZ
23881,SL4 5DF
23883,RG2 7PY
23888,MK12 5DE
23889,HP21 8ES
23890,PE1 4YH
23892,PE1 5JS
23897,CH66 1QY
23908,TS25 1BZ
23913,TR11 4EP
23914,TR11 4SU
23930,PL9 7ES
23931,EX22 6HD
23940,DH7 6LU
23944,TN34 3QT
23949,CM9 5DQ
23960,CM17 0DA
23964,SS2 6XT
23967,CM8 2TA
23969,GL2 7DD
23970,GL51 3FZ
23973,GL11 4BY
23975,SO24 9NB
23976,GU35 0EP
23983,RG23 8JQ
23987,WR11 7JS
23999,SG6 4PY
24000,WD19 7UZ
24001,WD19 7SL
24003,WD19 4SG
24006,HU2 0LH
24012,HU3 6NJ
24015,HU9 5SN
24016,HU6 9AA
24018,HU9 3HJ
24021,HU6 7TN
24025,ME2 2XJ
24026,ME10 1GL
24027,ME2 2XJ
24030,ME1 1YF
24033,CT5 1PX
24034,TN24 8AL
24037,CT19 4ED
24041,PR7 2NJ
24059,LN11 9AW
24066,PE30 3SF
24067,NR14 8JG
24075,YO21 1PZ
24104,YO32 4BY
24105,YO61 3EF
24106,YO10 4FY
24110,NN11 4HW
24113,NN3 9EH
24116,NN12 8ES
24120,NN15 5DP
24126,NE66 1AX
24127,NE66 1UN
24128,NE63 8DH
24131,NE66 2NU
24149,OX16 2EG
24155,TF1 3FA
24160,ST6 5HA
24164,ST1 6NW
24168,ST3 4PZ
24174,ST1 2NL
24198,RH6 9AE
24200,KT22 7PW
24203,GU22 0AN
24207,B95 6AD
24212,SN25 2NB
24213,SN25 2NB
24215,SL2 1PH
24217,CV47 0QB
24220,SP4 7AX
24221,PE3 8NX
24222,WR4 0DZ
24223,LN5 8EL
24230,BN10 8RB
24236,ST4 4EE
24239,ST4 8EF
24252,TF1 5NU
24254,NE32 5PR
24257,YO24 3WZ
24259,BD9 5AT
24263,TF1 5NU
24265,BS14 8SJ
24268,WD25 7NX
24272,IP4 3HG
24275,NR2 2SY
24276,BB12 8ST
24291,WA7 5YH
24294,S71 2LF
24303,BS14 0AX
